Year	Model	Data	Forcing
1856	0.002201545	0.241	0.002201545
1856.083333	0	0.174	0
1856.166667	0	0.246	0
1856.25	0	0.165	0
1856.333333	0.002200973	0.217	-4.236206001
1856.416667	0.004401946	0.24	-4.234003436
1856.5	0.006602919	0.253	-4.231800871
1856.583333	0.008803892	0.23	-4.229598305
1856.666667	0.011004864	0.297	-4.227395741
1856.75	0.013205837	0.147	-4.225193176
1856.833333	-3.08479139	0.157	-4.222990611
1856.916667	-3.08258894	0.252	-4.220788047
1857	-3.080386491	0.237	-4.218585483
1857.083333	-3.078184042	-0.037	-4.21638292
1857.166667	-3.075981593	-0.052	-4.214180356
1857.25	-3.073779144	0.03	-4.211977793
1857.333333	-3.071576696	-0.01	-8.214111272
1857.416667	-3.069374248	0.122	-8.211908283
1857.5	-3.0671718	0.154	-8.209705294
1857.583333	-3.064969352	0.02	-8.207502305
1857.666667	-3.062766905	0.042	-8.205299316
1857.75	-3.060564457	-0.112	-8.203096328
1857.833333	-1.889566399	-0.146	-8.200893339
1857.916667	-1.887364078	-0.261	-8.198690351
1858	-1.885161757	-0.198	-8.196487364
1858.083333	-1.882959437	-0.291	-8.194284376
1858.166667	-1.880757117	-0.048	-8.192081389
1858.25	-1.878554797	0.234	-8.189878402
1858.333333	-1.876352477	0.111	-6.181699037
1858.416667	-1.874150158	-0.017	-6.179496264
1858.5	-1.871947839	-0.139	-6.177293492
1858.583333	-1.86974552	-0.049	-6.175090719
1858.666667	-1.867543201	0.093	-6.172887947
1858.75	-1.865340882	0.17	-6.170685175
1858.833333	2.890316321	0.297	-6.168482403
1858.916667	2.892516983	0.144	-6.166279632
1859	2.894717645	-0.111	-6.164076861
1859.083333	2.896918306	-0.099	-6.16187409
1859.166667	2.899118968	0.081	-6.159671319
1859.25	2.901319629	0.171	-6.157468548
1859.333333	2.90352029	0.108	-4.099313701
1859.416667	2.90572095	-0.08	-4.09711115
1859.5	2.907921611	-0.159	-4.094908599
1859.583333	2.910122271	0.084	-4.092706049
1859.666667	2.912322931	0.102	-4.090503498
1859.75	2.91452359	0.149	-4.088300948
1859.833333	4.41328064	0.081	-4.086098398
1859.916667	4.415481138	0.103	-4.083895849
1860	4.417681636	0.137	-4.081693299
1860.083333	4.419882133	-0.091	-4.07949075
1860.166667	4.422082631	0.082	-4.077288201
1860.25	4.424283128	-0.048	-4.075085653
1860.333333	4.426483625	0.19	-7.882423079
1860.416667	4.428684121	0.324	-7.880220125
1860.5	4.430884618	0.25	-7.878017171
1860.583333	4.433085114	0.06	-7.875814218
1860.666667	4.43528561	0.016	-7.873611264
1860.75	4.437486105	0.131	-7.871408311
1860.833333	1.66313318	0.013	-7.869205358
1860.916667	1.665333974	0.162	-7.867002406
1861	1.667534768	0.021	-7.864799453
1861.083333	1.669735562	-0.089	-7.862596501
1861.166667	1.671936355	0.014	-7.860393549
1861.25	1.674137148	0.268	-7.858190597
1861.333333	1.676337941	0.215	-11.51409151
1861.416667	1.678538734	0.312	-11.51188817
1861.5	1.680739527	0.434	-11.50968483
1861.583333	1.682940319	0.323	-11.50748149
1861.666667	1.685141111	0.28	-11.50527815
1861.75	1.687341903	0.234	-11.50307481
1861.833333	2.619941741	0.236	-11.50087147
1861.916667	2.622142432	0.136	-11.49866813
1862	2.624343123	-0.007	-11.49646479
1862.083333	2.626543814	-0.143	-11.49426145
1862.166667	2.628744504	-0.053	-11.49205811
1862.25	2.630945194	-0.106	-11.48985478
1862.333333	2.633145884	-0.162	-10.21917694
1862.416667	2.635346574	-0.024	-10.21697374
1862.5	2.637547264	-0.274	-10.21477054
1862.583333	2.639747953	-0.248	-10.21256733
1862.666667	2.641948642	-0.237	-10.21036413
1862.75	2.644149331	-0.246	-10.20816093
1862.833333	5.780601088	-0.332	-10.20595773
1862.916667	5.782801439	-0.339	-10.20375453
1863	5.78500179	-0.127	-10.20155133
1863.083333	5.78720214	-0.024	-10.19934812
1863.166667	5.78940249	0.047	-10.19714492
1863.25	5.79160284	0.069	-10.19494172
1863.333333	5.793803189	0.043	-9.005393592
1863.416667	5.796003539	-0.023	-9.003190519
1863.5	5.798203888	-0.275	-9.000987445
1863.583333	5.800404237	-0.281	-8.998784372
1863.666667	5.802604585	-0.139	-8.996581299
1863.75	5.804804934	-0.215	-8.994378226
1863.833333	6.271865179	-0.159	-8.992175154
1863.916667	6.274065476	-0.097	-8.989972081
1864	6.276265774	-0.186	-8.987769009
1864.083333	6.278466071	-0.336	-8.985565938
1864.166667	6.280666369	-0.162	-8.983362866
1864.25	6.282866665	-0.016	-8.981159795
1864.333333	6.285066962	0.091	-11.33498811
1864.416667	6.287267259	0.134	-11.33278479
1864.5	6.289467555	0.28	-11.33058147
1864.583333	6.291667851	0.366	-11.32837815
1864.666667	6.293868146	0.214	-11.32617483
1864.75	6.296068442	0.144	-11.32397151
1864.833333	4.878012371	0.206	-11.32176819
1864.916667	4.880212819	0.207	-11.31956487
1865	4.882413267	0.206	-11.31736155
1865.083333	4.884613714	0.267	-11.31515823
1865.166667	4.886814162	0.18	-11.31295491
1865.25	4.889014609	0.076	-11.31075159
1865.333333	4.891215056	0.044	-12.52899657
1865.416667	4.893415502	0.214	-12.52679312
1865.5	4.895615948	0.136	-12.52458967
1865.583333	4.897816395	0.056	-12.52238623
1865.666667	4.90001684	0.3	-12.52018278
1865.75	4.902217286	0.266	-12.51797933
1865.833333	6.252624626	0.231	-12.51577588
1865.916667	6.254824926	0.231	-12.51357243
1866	6.257025226	0.064	-12.51136899
1866.083333	6.259225525	0.191	-12.50916554
1866.166667	6.261425824	0.226	-12.50696209
1866.25	6.263626123	0.144	-12.50475864
1866.333333	6.265826422	0.188	-11.34903587
1866.416667	6.268026721	0.364	-11.34683255
1866.5	6.270227019	0.294	-11.34462923
1866.583333	6.272427317	0.272	-11.3424259
1866.666667	6.274627615	0.16	-11.34022258
1866.75	6.276827912	0.153	-11.33801926
1866.833333	7.390257354	0.28	-11.33581594
1866.916667	7.392457531	0.289	-11.33361261
1867	7.394657709	0.324	-11.33140929
1867.083333	7.396857886	0.296	-11.32920597
1867.166667	7.399058062	0.398	-11.32700265
1867.25	7.401258239	0.308	-11.32479933
1867.333333	7.403458415	0.17	-11.94539474
1867.416667	7.405658591	0.1	-11.94319135
1867.5	7.407858767	0.12	-11.94098796
1867.583333	7.410058942	0.083	-11.93878458
1867.666667	7.412259117	0.014	-11.93658119
1867.75	7.414459292	-0.016	-11.9343778
1867.833333	5.984124663	0.125	-11.93217442
1867.916667	5.986324992	-0.04	-11.92997103
1868	5.988525321	0.074	-11.92776765
1868.083333	5.990725649	0.143	-11.92556426
1868.166667	5.992925977	0.215	-11.92336088
1868.25	5.995126305	0.273	-11.92115749
1868.333333	5.997326633	0.199	-13.52857794
1868.416667	5.99952696	0.339	-13.52637439
1868.5	6.001727287	0.418	-13.52417083
1868.583333	6.003927614	0.216	-13.52196727
1868.666667	6.006127941	0.159	-13.51976372
1868.75	6.008328267	-0.101	-13.51756017
1868.833333	5.766907072	-0.044	-13.51535661
1868.916667	5.769107424	0.135	-13.51315306
1869	5.771307776	-0.101	-13.5109495
1869.083333	5.773508128	0.104	-13.50874595
1869.166667	5.77570848	0.09	-13.5065424
1869.25	5.777908831	0.257	-13.50433884
1869.333333	5.780109182	0.294	-12.15753398
1869.416667	5.782309533	0.227	-12.15533057
1869.5	5.784509883	0.293	-12.15312716
1869.583333	5.786710234	0.147	-12.15092375
1869.666667	5.788910584	0.106	-12.14872034
1869.75	5.791110934	0.006	-12.14651693
1869.833333	8.188372603	-0.032	-12.14431353
1869.916667	8.190572694	-0.075	-12.14211012
1870	8.192772785	-0.147	-12.13990671
1870.083333	8.194972876	0.021	-12.1377033
1870.166667	8.197172967	-0.031	-12.13549989
1870.25	8.199373058	-0.157	-12.13329649
1870.333333	8.201573148	-0.018	-10.77196251
1870.416667	8.203773238	0	-10.76975925
1870.5	8.205973328	-0.028	-10.76755599
1870.583333	8.208173417	0.111	-10.76535273
1870.666667	8.210373507	0.162	-10.76314947
1870.75	8.212573596	0.169	-10.76094621
1870.833333	8.049794344	0.185	-10.75874294
1870.916667	8.05199445	0.12	-10.75653968
1871	8.054194556	-0.125	-10.75433642
1871.083333	8.056394662	-0.107	-10.75213316
1871.166667	8.058594768	0.141	-10.7499299
1871.25	8.060794873	0.191	-10.74772664
1871.333333	8.062994978	0.154	-13.2078748
1871.416667	8.065195083	0.143	-13.20567128
1871.5	8.067395188	0.183	-13.20346776
1871.583333	8.069595293	0.069	-13.20126424
1871.666667	8.071795397	-0.077	-13.19906072
1871.75	8.073995501	-0.136	-13.1968572
1871.833333	4.780176025	0.007	-13.19465368
1871.916667	4.782376483	0.097	-13.19245016
1872	4.784576941	-0.059	-13.19024664
1872.083333	4.786777399	-0.043	-13.18804312
1872.166667	4.788977857	-0.074	-13.1858396
1872.25	4.791178315	-0.063	-13.18363608
1872.333333	4.793378772	0.187	-15.05910452
1872.416667	4.795579229	0.228	-15.0569008
1872.5	4.797779686	0.295	-15.05469709
1872.583333	4.799980143	0.395	-15.05249337
1872.666667	4.802180599	0.426	-15.05028965
1872.75	4.804381055	0.058	-15.04808593
1872.833333	5.393339694	-0.023	-15.04588221
1872.916667	5.395540087	-0.041	-15.0436785
1873	5.397740479	0.064	-15.04147478
1873.083333	5.399940871	0.015	-15.03927106
1873.166667	5.402141263	0.052	-15.03706735
1873.25	5.404341655	0.055	-15.03486363
1873.333333	5.406542046	-0.039	-11.80609598
1873.416667	5.408742437	-0.029	-11.80389261
1873.5	5.410942828	0.095	-11.80168924
1873.583333	5.413143218	0.055	-11.79948587
1873.666667	5.415343609	0.156	-11.7972825
1873.75	5.417543999	0.091	-11.79507913
1873.833333	9.255925954	0.071	-11.79287576
1873.916667	9.258125931	0.15	-11.79067238
1874	9.260325907	0.061	-11.78846901
1874.083333	9.262525883	-0.103	-11.78626564
1874.166667	9.264725859	-0.109	-11.78406227
1874.25	9.266925834	-0.08	-11.7818589
1874.333333	9.26912581	0.025	-9.705949022
1874.416667	9.271325785	0.172	-9.703745874
1874.5	9.27352576	0.11	-9.701542725
1874.583333	9.275725734	-0.004	-9.699339578
1874.666667	9.277925708	0.19	-9.69713643
1874.75	9.280125683	-0.03	-9.694933282
1874.833333	8.948684577	-0.048	-9.692730135
1874.916667	8.950884587	-0.28	-9.690526988
1875	8.953084596	-0.156	-9.688323842
1875.083333	8.955284605	0.076	-9.686120695
1875.166667	8.957484614	0.046	-9.683917549
1875.25	8.959684623	0.027	-9.681714403
1875.333333	8.961884631	0.173	-13.4550551
1875.416667	8.964084639	0.179	-13.45285155
1875.5	8.966284647	0.013	-13.450648
1875.583333	8.968484655	0.1	-13.44844446
1875.666667	8.970684662	0.148	-13.44624091
1875.75	8.97288467	0.081	-13.44403736
1875.833333	4.755818791	-0.049	-13.44183382
1875.916667	4.758019252	-0.067	-13.43963027
1876	4.760219713	-0.196	-13.43742672
1876.083333	4.762420174	-0.066	-13.43522318
1876.166667	4.764620634	-0.081	-13.43301963
1876.25	4.766821095	-0.061	-13.43081609
1876.333333	4.769021555	-0.062	-16.41289804
1876.416667	4.771222014	0.004	-16.41069418
1876.5	4.773422474	0.125	-16.40849032
1876.583333	4.775622933	0.184	-16.40628646
1876.666667	4.777823392	0.158	-16.40408259
1876.75	4.780023851	-0.045	-16.40187873
1876.833333	5.314390262	-0.072	-16.39967487
1876.916667	5.316590663	-0.007	-16.39747101
1877	5.318791064	0.016	-16.39526715
1877.083333	5.320991465	0.167	-16.39306329
1877.166667	5.323191865	0.251	-16.39085943
1877.25	5.325392265	0.156	-16.38865556
1877.333333	5.327592665	0.266	-13.12623396
1877.416667	5.329793064	0.335	-13.12403045
1877.5	5.331993464	0.311	-13.12182694
1877.583333	5.334193863	0.374	-13.11962342
1877.666667	5.336394262	0.274	-13.11741991
1877.75	5.33859466	0.244	-13.1152164
1877.833333	9.875632807	0.312	-13.11301289
1877.916667	9.877832717	0.33	-13.11080938
1878	9.880032626	0.253	-13.10860587
1878.083333	9.882232536	0.345	-13.10640236
1878.166667	9.884432445	0.356	-13.10419885
1878.25	9.886632354	0.655	-13.10199533
1878.333333	9.888832262	0.535	-10.88607435
1878.416667	9.89103217	0.638	-10.88387107
1878.5	9.893232079	0.431	-10.8816678
1878.583333	9.895431986	0.598	-10.87946453
1878.666667	9.897631894	0.559	-10.87726125
1878.75	9.899831801	0.33	-10.87505798
1878.833333	10.12634162	0.384	-10.87285471
1878.916667	10.1285415	0.481	-10.87065143
1879	10.13074138	0.334	-10.86844816
1879.083333	10.13294127	0.39	-10.86624489
1879.166667	10.13514115	0.031	-10.86404162
1879.25	10.13734103	0.048	-10.86183835
1879.333333	10.13954091	0.256	-14.43454806
1879.416667	10.14174079	0.187	-14.43234441
1879.5	10.14394067	0.095	-14.43014076
1879.583333	10.14614056	0.026	-14.42793711
1879.666667	10.14834044	-0.012	-14.42573346
1879.75	10.15054032	0.072	-14.42352981
1879.833333	6.875678195	0.079	-14.42132616
1879.916667	6.877878428	0.129	-14.4191225
1880	6.88007866	0.087	-14.41691885
1880.083333	6.882278893	0.015	-14.4147152
1880.166667	6.884479125	0.1	-14.41251155
1880.25	6.886679357	-0.027	-14.4103079
1880.333333	6.888879588	-0.129	-17.08625736
1880.416667	6.89107982	-0.001	-17.08405342
1880.5	6.893280051	0.129	-17.08184949
1880.583333	6.895480282	0.113	-17.07964556
1880.666667	6.897680513	0.265	-17.07744162
1880.75	6.899880743	0.241	-17.07523769
1880.833333	7.663243009	0.158	-17.07303375
1880.916667	7.665443157	-0.074	-17.07082982
1881	7.667643305	0.18	-17.06862589
1881.083333	7.669843452	0.134	-17.06642196
1881.166667	7.6720436	0.201	-17.06421802
1881.25	7.674243747	0.232	-17.06201409
1881.333333	7.676443894	0.125	-14.71905015
1881.416667	7.67864404	0.131	-14.71684646
1881.5	7.680844187	0.019	-14.71464278
1881.583333	7.683044333	0.056	-14.7124391
1881.666667	7.685244479	-0.012	-14.71023542
1881.75	7.687444624	-0.058	-14.70803174
1881.833333	10.83359276	-0.294	-14.70582806
1881.916667	10.83579257	-0.084	-14.70362438
1882	10.83799238	-0.12	-14.70142069
1882.083333	10.84019218	-0.087	-14.69921701
1882.166667	10.84239199	-0.022	-14.69701333
1882.25	10.84459179	-0.117	-14.69480965
1882.333333	10.8467916	-0.119	-13.77336724
1882.416667	10.8489914	0.011	-13.77116365
1882.5	10.85119121	0.072	-13.76896007
1882.583333	10.85339101	0.081	-13.76675649
1882.666667	10.85559082	0.053	-13.76455291
1882.75	10.85779062	-0.003	-13.76234933
1882.833333	9.954452041	0.026	-13.76014575
1882.916667	9.956651942	0.029	-13.75794217
1883	9.958851843	-0.035	-13.75573859
1883.083333	9.961051744	-0.152	-13.75353501
1883.166667	9.963251644	-0.14	-13.75133143
1883.25	9.965451545	0.04	-13.74912785
1883.333333	9.967651445	0.046	-16.44349667
1883.416667	9.969851345	-0.017	-16.4412928
1883.5	9.972051244	-0.031	-16.43908893
1883.583333	9.974251144	0.031	-16.43688507
1883.666667	9.976451043	-0.078	-16.4346812
1883.75	9.978650942	-0.1	-16.43247734
1883.833333	8.362688088	0.007	-16.43027347
1883.916667	8.36488816	0.148	-16.42806961
1884	8.367088233	0.046	-16.42586574
1884.083333	8.369288305	-0.129	-16.42366188
1884.166667	8.371488377	-0.095	-16.42145801
1884.25	8.373688449	-0.048	-16.41925415
1884.333333	8.37588852	-0.034	-16.7270682
1884.416667	8.378088592	0.151	-16.7248643
1884.5	8.380288663	-0.016	-16.72266041
1884.583333	8.382488733	0.006	-16.72045651
1884.666667	8.384688804	-0.136	-16.71825261
1884.75	8.386888874	-0.129	-16.71604872
1884.833333	10.03816655	-0.325	-16.71384482
1884.916667	10.04036645	-0.098	-16.71164093
1885	10.04256634	-0.05	-16.70943703
1885.083333	10.04476623	0.061	-16.70723314
1885.166667	10.04696612	-0.018	-16.70502925
1885.25	10.04916601	-0.233	-16.70282535
1885.333333	10.0513659	-0.149	-14.3829709
1885.416667	10.0535658	-0.114	-14.38076725
1885.5	10.05576569	-0.007	-14.3785636
1885.583333	10.05796558	0.131	-14.37635996
1885.666667	10.06016547	0.052	-14.37415631
1885.75	10.06236536	0.05	-14.37195267
1885.833333	11.20232858	0.03	-14.36974902
1885.916667	11.20452835	0.052	-14.36754537
1886	11.20672811	0.149	-14.36534173
1886.083333	11.20892788	0.145	-14.36313808
1886.166667	11.21112765	0.202	-14.36093444
1886.25	11.21332741	0.226	-14.3587308
1886.333333	11.21552718	0.253	-15.22691472
1886.416667	11.21772694	0.222	-15.22471098
1886.5	11.21992671	0.264	-15.22250725
1886.583333	11.22212647	0.083	-15.22030351
1886.666667	11.22432624	0.021	-15.21809978
1886.75	11.226526	0	-15.21589604
1886.833333	8.105537285	0.005	-15.21369231
1886.916667	8.107737386	-0.001	-15.21148857
1887	8.109937486	-0.08	-15.20928484
1887.083333	8.112137586	-0.067	-15.2070811
1887.166667	8.114337685	-0.004	-15.20487737
1887.25	8.116537785	-0.046	-15.20267363
1887.333333	8.118737884	0.065	-17.24144568
1887.416667	8.120937983	0.24	-17.23924173
1887.5	8.123138082	0.358	-17.23703778
1887.583333	8.12533818	0.225	-17.23483383
1887.666667	8.127538278	0.177	-17.23262988
1887.75	8.129738376	0.261	-17.23042593
1887.833333	7.689272785	0.206	-17.22822198
1887.916667	7.69147293	0.207	-17.22601803
1888	7.693673075	0.259	-17.22381408
1888.083333	7.69587322	0.196	-17.22161013
1888.166667	7.698073364	0.281	-17.21940618
1888.25	7.700273509	0.149	-17.21720223
1888.333333	7.702473653	0.156	-14.72763427
1888.416667	7.704673796	0.278	-14.72543059
1888.5	7.70687394	0.213	-14.72322691
1888.583333	7.709074083	0.173	-14.72102322
1888.666667	7.711274226	0.176	-14.71881954
1888.75	7.713474369	0.281	-14.71661586
1888.833333	10.48915484	0.155	-14.71441218
1888.916667	10.49135468	0.106	-14.71220849
1889	10.49355453	0.263	-14.71000481
1889.083333	10.49575437	0.27	-14.70780113
1889.166667	10.49795421	0.345	-14.70559745
1889.25	10.50015406	0.326	-14.70339377
1889.333333	10.5023539	0.327	-12.13038953
1889.416667	10.50455374	0.239	-12.12818612
1889.5	10.50675358	0.089	-12.12598271
1889.583333	10.50895343	0.108	-12.12377931
1889.666667	10.51115327	0.116	-12.1215759
1889.75	10.51335311	0.116	-12.11937249
1889.833333	9.976644465	0.19	-12.11716909
1889.916667	9.978844364	0.064	-12.11496568
1890	9.981044262	0.043	-12.11276228
1890.083333	9.983244161	0.027	-12.11055887
1890.166667	9.985444059	-0.026	-12.10835547
1890.25	9.987643957	-0.142	-12.10615207
1890.333333	9.989843854	-0.134	-14.53852027
1890.416667	9.992043752	-0.09	-14.5363166
1890.5	9.994243649	-0.242	-14.53411294
1890.583333	9.996443546	-0.288	-14.53190928
1890.666667	9.998643443	-0.247	-14.52970561
1890.75	10.00084334	-0.07	-14.52750195
1890.833333	4.680709341	-0.259	-14.52529829
1890.916667	4.68290981	-0.235	-14.52309463
1891	4.685110279	-0.263	-14.52089097
1891.083333	4.687310748	-0.072	-14.51868731
1891.166667	4.689511216	0.088	-14.51648364
1891.25	4.691711685	0.124	-14.51427998
1891.333333	4.693912153	0.191	-16.45429109
1891.416667	4.696112621	0.177	-16.45208722
1891.5	4.698313088	0.256	-16.44988335
1891.583333	4.700513555	0.114	-16.44767949
1891.666667	4.702714023	0.021	-16.44547562
1891.75	4.704914489	0.039	-16.44327175
1891.833333	4.906835337	-0.225	-16.44106789
1891.916667	4.909035781	0.032	-16.43886402
1892	4.911236226	0.075	-16.43666016
1892.083333	4.91343667	0.136	-16.43445629
1892.166667	4.915637115	0.109	-16.43225242
1892.25	4.917837559	0.018	-16.43004856
1892.333333	4.920038002	-0.115	-11.64068178
1892.416667	4.922238446	-0.133	-11.63847843
1892.5	4.924438889	-0.238	-11.63627508
1892.583333	4.926639332	-0.093	-11.63407172
1892.666667	4.928839775	-0.2	-11.63186837
1892.75	4.931040217	-0.169	-11.62966501
1892.833333	8.845740407	-0.264	-11.62746166
1892.916667	8.847940427	-0.164	-11.62525831
1893	8.850140448	-0.089	-11.62305496
1893.083333	8.852340468	-0.041	-11.6208516
1893.166667	8.854540488	-0.03	-11.61864825
1893.25	8.856740508	-0.142	-11.6164449
1893.333333	8.858940527	-0.122	-8.347184358
1893.416667	8.861140546	0.139	-8.344981355
1893.5	8.863340565	0.191	-8.342778351
1893.583333	8.865540584	0.175	-8.340575348
1893.666667	8.867740603	0.064	-8.338372345
1893.75	8.869940621	-0.046	-8.336169343
1893.833333	7.654393464	0.036	-8.33396634
1893.916667	7.656593613	-0.143	-8.331763338
1894	7.658793761	-0.135	-8.329560336
1894.083333	7.66099391	-0.153	-8.327357335
1894.166667	7.663194058	-0.173	-8.325154333
1894.25	7.665394206	-0.27	-8.322951332
1894.333333	7.667594354	-0.345	-11.58710676
1894.416667	7.669794501	-0.31	-11.58490341
1894.5	7.671994649	-0.213	-11.58270006
1894.583333	7.674194796	-0.224	-11.58049671
1894.666667	7.676394943	-0.213	-11.57829336
1894.75	7.678595089	-0.322	-11.57609001
1894.833333	1.343208953	-0.299	-11.57388667
1894.916667	1.345409782	-0.214	-11.57168332
1895	1.34761061	-0.102	-11.56947997
1895.083333	1.349811438	-0.07	-11.56727663
1895.166667	1.352012266	-0.25	-11.56507328
1895.25	1.354213094	-0.278	-11.56286993
1895.333333	1.356413922	-0.193	-14.09949074
1895.416667	1.358614749	-0.093	-14.09728712
1895.5	1.360815576	-0.059	-14.09508351
1895.583333	1.363016403	-0.081	-14.09287989
1895.666667	1.365217229	0.087	-14.09067628
1895.75	1.367418056	0.085	-14.08847266
1895.833333	1.275969655	-0.095	-14.08626904
1895.916667	1.278170491	-0.036	-14.08406543
1896	1.280371326	-0.054	-14.08186181
1896.083333	1.282572162	0.046	-14.0796582
1896.166667	1.284772997	-0.027	-14.07745459
1896.25	1.286973832	0.06	-14.07525097
1896.333333	1.289174667	0.27	-8.960654256
1896.416667	1.291375501	0.202	-8.958451187
1896.5	1.293576335	0.114	-8.956248118
1896.583333	1.295777169	0.093	-8.95404505
1896.666667	1.297978003	0.326	-8.951841982
1896.75	1.300178837	0.171	-8.949638914
1896.833333	5.542817928	0.057	-8.947435846
1896.916667	5.545018305	0.067	-8.945232778
1897	5.547218681	0.09	-8.943029711
1897.083333	5.549419057	0.143	-8.940826644
1897.166667	5.551619432	0.314	-8.938623577
1897.25	5.553819808	0.258	-8.936420511
1897.333333	5.556020183	0.173	-5.798866003
1897.416667	5.558220558	0.109	-5.796663271
1897.5	5.560420933	0.107	-5.794460539
1897.583333	5.562621307	0.028	-5.792257808
1897.666667	5.564821682	0.057	-5.790055076
1897.75	5.567022056	0.086	-5.787852345
1897.833333	4.651143025	-0.004	-5.785649614
1897.916667	4.653343498	-0.003	-5.783446884
1898	4.65554397	-0.006	-5.781244153
1898.083333	4.657744442	0.067	-5.779041423
1898.166667	4.659944914	0.117	-5.776838693
1898.25	4.662145385	0.071	-5.774635963
1898.333333	4.664345856	0.099	-8.781414397
1898.416667	4.666546327	0.219	-8.779211347
1898.5	4.668746798	0.226	-8.777008298
1898.583333	4.670947269	0.149	-8.774805248
1898.666667	4.673147739	0.115	-8.772602199
1898.75	4.675348209	-0.019	-8.77039915
1898.833333	-0.383496411	-0.12	-8.768196102
1898.916667	-0.381294252	0.01	-8.765993053
1899	-0.379092094	-0.056	-8.763790005
1899.083333	-0.376889936	-0.042	-8.761586957
1899.166667	-0.374687778	0.001	-8.759383909
1899.25	-0.37248562	0.095	-8.757180862
1899.333333	-0.370283463	0.211	-10.9509545
1899.416667	-0.368081305	0.197	-10.94875122
1899.5	-0.365879148	0.12	-10.94654794
1899.583333	-0.363676992	0.279	-10.94434466
1899.666667	-0.361474835	0.139	-10.94214138
1899.75	-0.359272679	0.101	-10.9399381
1899.833333	-0.010077522	0.209	-10.93773482
1899.916667	-0.007875404	0.308	-10.93553154
1900	-0.005673285	0.218	-10.93332826
1900.083333	-0.003471168	0.213	-10.93112498
1900.166667	-0.00126905	0.072	-10.9289217
1900.25	0.000933068	0.174	-10.92671842
1900.333333	0.003134041	0.007	-6.708504488
1900.416667	0.005335014	0.011	-6.706301659
1900.5	0.007535987	0.103	-6.70409883
1900.583333	0.009736959	0.01	-6.701896002
1900.666667	0.011937932	0.059	-6.699693173
1900.75	0.014138904	0.126	-6.697490345
1900.833333	3.065460681	0.055	-6.695287517
1900.916667	3.067661324	0.147	-6.69308469
1901	3.069861967	0.059	-6.690881863
1901.083333	3.07206261	0.197	-6.688679035
1901.166667	3.074263252	0.17	-6.686476209
1901.25	3.076463894	0.162	-6.684273382
1901.333333	3.078664536	0.092	-5.22582693
1901.416667	3.080865178	0.229	-5.223624259
1901.5	3.08306582	0.195	-5.221421588
1901.583333	3.085266461	0.192	-5.219218918
1901.666667	3.087467102	0.013	-5.217016247
1901.75	3.089667743	-0.097	-5.214813577
1901.833333	1.18147048	-0.069	-5.212610907
1901.916667	1.183671326	-0.055	-5.210408238
1902	1.185872172	-0.106	-5.208205568
1902.083333	1.188073017	-0.023	-5.206002899
1902.166667	1.190273863	-0.014	-5.20380023
1902.25	1.192474708	-0.14	-5.201597562
1902.333333	1.194675553	-0.081	-7.820294559
1902.416667	1.196876397	-0.242	-7.818091611
1902.5	1.199077242	-0.281	-7.815888664
1902.583333	1.201278086	-0.162	-7.813685717
1902.666667	1.20347893	0.009	-7.81148277
1902.75	1.205679774	0.026	-7.809279824
1902.833333	-1.776981958	-0.107	-7.807076878
1902.916667	-1.774779649	-0.076	-7.804873932
1903	-1.772577341	-0.032	-7.802670986
1903.083333	-1.770375033	0.062	-7.80046804
1903.166667	-1.768172725	-0.049	-7.798265095
1903.25	-1.765970417	-0.06	-7.79606215
1903.333333	-1.763768109	-0.136	-8.077033002
1903.416667	-1.761565802	-0.167	-8.074830027
1903.5	-1.759363495	-0.155	-8.072627052
1903.583333	-1.757161188	-0.436	-8.070424078
1903.666667	-1.754958882	-0.448	-8.068221104
1903.75	-1.752756575	-0.358	-8.06601813
1903.833333	-0.215855524	-0.231	-8.063815156
1903.916667	-0.213653383	-0.284	-8.061612183
1904	-0.211451243	-0.344	-8.05940921
1904.083333	-0.209249103	-0.366	-8.057206237
1904.166667	-0.207046963	-0.372	-8.055003264
1904.25	-0.204844823	-0.415	-8.052800292
1904.333333	-0.202642684	-0.39	-3.939380001
1904.416667	-0.200440545	-0.422	-3.937177468
1904.5	-0.198238406	-0.33	-3.934974934
1904.583333	-0.196036267	-0.341	-3.9327724
1904.666667	-0.193834129	-0.471	-3.930569867
1904.75	-0.191631991	-0.363	-3.928367334
1904.833333	1.175470648	-0.192	-3.926164801
1904.916667	1.177671494	-0.147	-3.923962269
1905	1.179872341	-0.218	-3.921759736
1905.083333	1.182073187	-0.176	-3.919557204
1905.166667	1.184274033	-0.353	-3.917354672
1905.25	1.186474879	-0.166	-3.915152141
1905.333333	1.188675724	-0.057	-4.354126408
1905.416667	1.19087657	-0.166	-4.35192383
1905.5	1.193077415	-0.048	-4.349721252
1905.583333	1.19527826	-0.136	-4.347518674
1905.666667	1.197479104	-0.35	-4.345316097
1905.75	1.199679949	-0.246	-4.34311352
1905.833333	-2.816447826	-0.262	-4.340910943
1905.916667	-2.814245406	-0.239	-4.338708366
1906	-2.812042985	-0.066	-4.33650579
1906.083333	-2.809840565	-0.027	-4.334303213
1906.166667	-2.807638145	-0.047	-4.332100637
1906.25	-2.805435725	-0.039	-4.329898061
1906.333333	-2.803233306	-0.154	-6.632484492
1906.416667	-2.801030887	0.013	-6.630281671
1906.5	-2.798828468	-0.002	-6.62807885
1906.583333	-2.796626049	-0.059	-6.62587603
1906.666667	-2.79442363	-0.115	-6.62367321
1906.75	-2.792221212	-0.136	-6.62147039
1906.833333	-4.277361595	-0.013	-6.61926757
1906.916667	-4.275159017	-0.221	-6.61706475
1907	-4.272956439	-0.181	-6.614861931
1907.083333	-4.270753862	-0.344	-6.612659112
1907.166667	-4.268551284	-0.25	-6.610456293
1907.25	-4.266348707	-0.157	-6.608253475
1907.333333	-4.26414613	-0.145	-4.344942496
1907.416667	-4.261943554	-0.25	-4.342739919
1907.5	-4.259740977	-0.277	-4.340537342
1907.583333	-4.257538401	-0.311	-4.338334766
1907.666667	-4.255335826	-0.174	-4.336132189
1907.75	-4.25313325	-0.216	-4.333929613
1907.833333	-1.430021109	-0.223	-4.331727037
1907.916667	-1.427818837	-0.187	-4.329524461
1908	-1.425616566	-0.228	-4.327321886
1908.083333	-1.423414296	-0.229	-4.32511931
1908.166667	-1.421212025	-0.237	-4.322916735
1908.25	-1.419009754	-0.206	-4.32071416
1908.333333	-1.416807484	-0.16	-0.006086877
1908.416667	-1.414605214	-0.06	-0.003884762
1908.5	-1.412402945	0.027	-0.001682648
1908.583333	-1.410200675	0.011	0.000519467
1908.666667	-1.407998406	-0.085	0.002720441
1908.75	-1.405796137	-0.118	0.004921416
1908.833333	-1.658522515	-0.152	0.00712239
1908.916667	-1.656320219	-0.118	0.009323365
1909	-1.654117923	-0.102	0.011524338
1909.083333	-1.651915628	-0.14	0.013725312
1909.166667	-1.649713332	-0.099	0.015926285
1909.25	-1.647511037	-0.146	0.018127259
1909.333333	-1.645308742	-0.004	-1.942109118
1909.416667	-1.643106448	-0.126	-1.939906797
1909.5	-1.640904154	-0.164	-1.937704476
1909.583333	-1.63870186	-0.08	-1.935502155
1909.666667	-1.636499566	-0.112	-1.933299835
1909.75	-1.634297272	-0.148	-1.931097515
1909.833333	-8.080491432	-0.289	-1.928895195
1909.916667	-8.078288444	-0.231	-1.926692875
1910	-8.076085457	-0.305	-1.924490555
1910.083333	-8.07388247	-0.249	-1.922288236
1910.166667	-8.071679483	-0.258	-1.920085917
1910.25	-8.069476496	-0.308	-1.917883598
1910.333333	-8.06727351	-0.339	-4.197289959
1910.416667	-8.065070524	-0.359	-4.195087398
1910.5	-8.062867538	-0.287	-4.192884837
1910.583333	-8.060664552	-0.257	-4.190682276
1910.666667	-8.058461566	-0.104	-4.188479715
1910.75	-8.056258581	-0.188	-4.186277155
1910.833333	-8.784040516	-0.076	-4.184074594
1910.916667	-8.781837452	-0.24	-4.181872034
1911	-8.779634389	-0.251	-4.179669475
1911.083333	-8.777431326	-0.251	-4.177466915
1911.166667	-8.775228264	-0.306	-4.175264356
1911.25	-8.773025201	-0.318	-4.173061797
1911.333333	-8.770822139	-0.342	0.508055722
1911.416667	-8.768619077	-0.237	0.510256643
1911.5	-8.766416015	-0.166	0.512457564
1911.583333	-8.764212954	-0.064	0.514658484
1911.666667	-8.762009893	-0.117	0.516859404
1911.75	-8.759806832	-0.112	0.519060324
1911.833333	-4.84575711	-0.229	0.521261243
1911.916667	-4.843554471	-0.171	0.523462163
1912	-4.841351832	-0.235	0.525663082
1912.083333	-4.839149193	-0.259	0.527864001
1912.166667	-4.836946555	-0.217	0.530064919
1912.25	-4.834743916	-0.167	0.532265838
1912.333333	-4.832541278	-0.114	5.599125163
1912.416667	-4.830338641	-0.149	5.601325541
1912.5	-4.828136003	-0.256	5.603525919
1912.583333	-4.825933366	-0.394	5.605726297
1912.666667	-4.823730729	-0.244	5.607926675
1912.75	-4.821528092	-0.249	5.610127052
1912.833333	-5.881328253	-0.222	5.612327429
1912.916667	-5.879125502	-0.234	5.614527806
1913	-5.876922751	-0.306	5.616728183
1913.083333	-5.874720001	-0.211	5.618928559
1913.166667	-5.872517251	-0.224	5.621128936
1913.25	-5.870314501	-0.44	5.623329312
1913.333333	-5.868111752	-0.448	3.136412671
1913.416667	-5.865909002	-0.566	3.138613312
1913.5	-5.863706253	-0.438	3.140813952
1913.583333	-5.861503504	-0.434	3.143014593
1913.666667	-5.859300756	-0.428	3.145215233
1913.75	-5.857098007	-0.382	3.147415872
1913.833333	-13.71036791	-0.456	3.149616512
1913.916667	-13.70816431	-0.326	3.151817151
1914	-13.70596072	-0.223	3.15401779
1914.083333	-13.70375713	-0.319	3.156218429
1914.166667	-13.70155353	-0.406	3.158419068
1914.25	-13.69934994	-0.384	3.160619706
1914.333333	-13.69714635	-0.263	0.572471777
1914.416667	-13.69494275	-0.377	0.574672691
1914.5	-13.69273916	-0.432	0.576873605
1914.583333	-13.69053557	-0.37	0.579074518
1914.666667	-13.68833198	-0.189	0.581275431
1914.75	-13.68612839	-0.114	0.583476344
1914.833333	-14.85142831	-0.185	0.585677257
1914.916667	-14.84922459	-0.228	0.587878169
1915	-14.84702087	-0.129	0.590079082
1915.083333	-14.84481716	-0.117	0.592279994
1915.166667	-14.84261344	-0.004	0.594480906
1915.25	-14.84040972	0.051	0.596681817
1915.333333	-14.83820601	0.261	5.936351539
1915.416667	-14.83600229	0.293	5.938551881
1915.5	-14.83379858	0.317	5.940752223
1915.583333	-14.83159486	0.212	5.942952565
1915.666667	-14.82939115	0.196	5.945152907
1915.75	-14.82718743	0.028	5.947353248
1915.833333	-10.91061773	-0.007	5.94955359
1915.916667	-10.90841444	0.01	5.951753931
1916	-10.90621115	-0.04	5.953954272
1916.083333	-10.90400785	-0.1	5.956154612
1916.166667	-10.90180456	-0.094	5.958354952
1916.25	-10.89960127	-0.119	5.960555292
1916.333333	-10.89739798	0.019	10.82262793
1916.416667	-10.89519469	0.028	10.82482775
1916.5	-10.8929914	-0.076	10.82702757
1916.583333	-10.89078811	-0.017	10.82922739
1916.666667	-10.88858482	-0.005	10.83142722
1916.75	-10.88638153	-0.076	10.83362704
1916.833333	-11.76981587	-0.241	10.83582686
1916.916667	-11.76761249	-0.209	10.83802668
1917	-11.7654091	-0.295	10.8402265
1917.083333	-11.76320572	-0.351	10.84242632
1917.166667	-11.76100234	-0.403	10.84462614
1917.25	-11.75879895	-0.307	10.84682596
1917.333333	-11.75659557	-0.254	8.762403097
1917.416667	-11.75439218	-0.153	8.764603138
1917.5	-11.7521888	-0.21	8.766803179
1917.583333	-11.74998542	-0.193	8.76900322
1917.666667	-11.74778204	-0.283	8.771203261
1917.75	-11.74557865	-0.342	8.773403301
1917.833333	-18.44986032	-0.32	8.775603341
1917.916667	-18.44765622	-0.26	8.777803381
1918	-18.44545211	-0.102	8.780003421
1918.083333	-18.44324801	-0.176	8.78220346
1918.166667	-18.44104391	-0.118	8.784403499
1918.25	-18.4388398	-0.18	8.786603538
1918.333333	-18.4366357	-0.24	6.705722436
1918.416667	-18.4344316	-0.42	6.707922696
1918.5	-18.43222749	-0.368	6.710122957
1918.583333	-18.43002339	-0.392	6.712323217
1918.666667	-18.42781929	-0.366	6.714523476
1918.75	-18.42561519	-0.259	6.716723736
1918.833333	-19.05624855	-0.3	6.718923995
1918.916667	-19.05404438	-0.225	6.721124254
1919	-19.05184021	-0.227	6.723324513
1919.083333	-19.04963604	-0.06	6.725524772
1919.166667	-19.04743187	-0.194	6.72772503
1919.25	-19.0452277	-0.057	6.729925288
1919.333333	-19.04302353	-0.166	11.29779329
1919.416667	-19.04081936	-0.224	11.29999306
1919.5	-19.0386152	-0.284	11.30219283
1919.583333	-19.03641103	-0.192	11.3043926
1919.666667	-19.03420686	-0.193	11.30659237
1919.75	-19.03200269	-0.144	11.30879214
1919.833333	-16.25134629	-0.228	11.31099191
1919.916667	-16.24914242	-0.292	11.31319168
1920	-16.24693856	-0.462	11.31539145
1920.083333	-16.24473469	-0.405	11.31759122
1920.166667	-16.24253082	-0.453	11.31979099
1920.25	-16.24032695	-0.336	11.32199076
1920.333333	-16.23812309	-0.253	14.08762074
1920.416667	-16.23591922	-0.282	14.08982021
1920.5	-16.23371536	-0.277	14.09201969
1920.583333	-16.23151149	-0.304	14.09421916
1920.666667	-16.22930762	-0.277	14.09641863
1920.75	-16.22710376	-0.268	14.09861811
1920.833333	-17.70567311	-0.428	14.10081758
1920.916667	-17.70346908	-0.304	14.10301705
1921	-17.70126506	-0.291	14.10521652
1921.083333	-17.69906103	-0.275	14.107416
1921.166667	-17.69685701	-0.319	14.10961547
1921.25	-17.69465299	-0.265	14.11181494
1921.333333	-17.69244896	-0.252	12.01131367
1921.416667	-17.69024494	-0.249	12.01351337
1921.5	-17.68804092	-0.109	12.01571306
1921.583333	-17.6858369	-0.248	12.01791276
1921.666667	-17.68363287	-0.226	12.02011245
1921.75	-17.68142885	-0.056	12.02231215
1921.833333	-21.94535986	-0.263	12.02451184
1921.916667	-21.94315538	-0.122	12.02671153
1922	-21.9409509	-0.206	12.02891123
1922.083333	-21.93874642	-0.243	12.03111092
1922.166667	-21.93654194	-0.342	12.03331061
1922.25	-21.93433746	-0.411	12.03551031
1922.333333	-21.93213298	-0.319	11.44428065
1922.416667	-21.9299285	-0.332	11.4464804
1922.5	-21.92772402	-0.378	11.44868016
1922.583333	-21.92551954	-0.31	11.45087991
1922.666667	-21.92331506	-0.369	11.45307967
1922.75	-21.92111058	-0.288	11.45527942
1922.833333	-21.033554	-0.352	11.45747918
1922.916667	-21.03134961	-0.326	11.45967893
1923	-21.02914523	-0.365	11.46187868
1923.083333	-21.02694085	-0.462	11.46407844
1923.166667	-21.02473647	-0.405	11.46627819
1923.25	-21.02253208	-0.431	11.46847794
1923.333333	-21.0203277	-0.282	15.67061184
1923.416667	-21.01812332	-0.315	15.67281114
1923.5	-21.01591894	-0.323	15.67501045
1923.583333	-21.01371456	-0.427	15.67720975
1923.666667	-21.01151018	-0.371	15.67940906
1923.75	-21.0093058	-0.266	15.68160836
1923.833333	-19.57067856	-0.217	15.68380766
1923.916667	-19.56847433	-0.062	15.68600697
1924	-19.56627011	-0.133	15.68820627
1924.083333	-19.56406588	-0.201	15.69040558
1924.166667	-19.56186166	-0.106	15.69260488
1924.25	-19.55965743	-0.059	15.69480418
1924.333333	-19.55745321	0.043	16.00852248
1924.416667	-19.55524898	-0.099	16.01072175
1924.5	-19.55304476	-0.128	16.01292102
1924.583333	-19.55084054	-0.139	16.01512029
1924.666667	-19.54863631	-0.206	16.01731955
1924.75	-19.54643209	-0.238	16.01951882
1924.833333	-22.48457964	-0.318	16.02171809
1924.916667	-22.4823751	-0.289	16.02391736
1925	-22.48017056	-0.328	16.02611663
1925.083333	-22.47796603	-0.313	16.02831589
1925.166667	-22.47576149	-0.241	16.03051516
1925.25	-22.47355695	-0.182	16.03271443
1925.333333	-22.47135241	-0.08	13.70681123
1925.416667	-22.46914787	-0.192	13.70901074
1925.5	-22.46694334	-0.147	13.71121026
1925.583333	-22.4647388	-0.134	13.71340977
1925.666667	-22.46253426	-0.122	13.71560928
1925.75	-22.46032973	-0.089	13.7178088
1925.833333	-24.59578251	-0.175	13.72000831
1925.916667	-24.59357774	0.044	13.72220782
1926	-24.59137298	0.031	13.72440734
1926.083333	-24.58916821	0.104	13.72660685
1926.166667	-24.58696345	0.044	13.72880636
1926.25	-24.58475868	0.106	13.73100587
1926.333333	-24.58255392	0.122	15.11533328
1926.416667	-24.58034915	0.065	15.11753265
1926.5	-24.57814439	0.138	15.11973201
1926.583333	-24.57593962	0.049	15.12193138
1926.666667	-24.57373486	0.038	15.12413074
1926.75	-24.57153009	0.174	15.1263301
1926.833333	-21.99168542	0.023	15.12852947
1926.916667	-21.98948094	0.086	15.13072883
1927	-21.98727645	0.077	15.13292819
1927.083333	-21.98507197	0.073	15.13512755
1927.166667	-21.98286748	0.036	15.13732692
1927.25	-21.980663	0.065	15.13952628
1927.333333	-21.97845851	0.188	19.28112122
1927.416667	-21.97625403	0.15	19.28332014
1927.5	-21.97404954	0.152	19.28551906
1927.583333	-21.97184506	0.154	19.28771798
1927.666667	-21.96964058	0.101	19.2899169
1927.75	-21.96743609	0.169	19.29211582
1927.833333	-21.7574133	0.133	19.29431474
1927.916667	-21.75520884	-0.028	19.29651366
1928	-21.75300438	-0.05	19.29871258
1928.083333	-21.75079992	-0.098	19.3009115
1928.166667	-21.74859546	-0.098	19.30311042
1928.25	-21.746391	-0.103	19.30530934
1928.333333	-21.74418654	0.013	17.62621862
1928.416667	-21.74198208	0.063	17.62841772
1928.5	-21.73977762	0.082	17.63061682
1928.583333	-21.73757316	0.098	17.63281591
1928.666667	-21.73536871	0.084	17.63501501
1928.75	-21.73316425	0.038	17.63721411
1928.833333	-26.71294369	-0.055	17.6394132
1928.916667	-26.71073869	-0.094	17.6416123
1929	-26.7085337	-0.091	17.64381139
1929.083333	-26.7063287	-0.104	17.64601049
1929.166667	-26.70412371	-0.093	17.64820958
1929.25	-26.70191872	-0.019	17.65040868
1929.333333	-26.69971372	-0.114	14.80682153
1929.416667	-26.69750873	-0.196	14.80902092
1929.5	-26.69530374	-0.183	14.81122032
1929.583333	-26.69309875	-0.158	14.81341972
1929.666667	-26.69089375	-0.068	14.81561911
1929.75	-26.68868876	-0.058	14.81781851
1929.833333	-27.6331247	-0.118	14.82001791
1929.916667	-27.63091961	-0.189	14.8222173
1930	-27.62871451	-0.127	14.8244167
1930.083333	-27.62650942	-0.179	14.82661609
1930.166667	-27.62430433	-0.098	14.82881549
1930.25	-27.62209924	-0.214	14.83101488
1930.333333	-27.61989414	-0.115	18.06645942
1930.416667	-27.61768905	-0.084	18.06865847
1930.5	-27.61548396	0.056	18.07085752
1930.583333	-27.61327887	0.066	18.07305657
1930.666667	-27.61107378	0.284	18.07525562
1930.75	-27.60886869	0.198	18.07745467
1930.833333	-23.64322231	0.149	18.07965372
1930.916667	-23.64101764	0.139	18.08185276
1931	-23.63881298	0.111	18.08405181
1931.083333	-23.63660832	0.062	18.08625086
1931.166667	-23.63440365	0.144	18.08844991
1931.25	-23.63219899	0.147	18.09064896
1931.333333	-23.62999433	0.221	22.96669253
1931.416667	-23.62778966	0.264	22.96889106
1931.5	-23.625585	0.19	22.97108959
1931.583333	-23.62338034	0.147	22.97328811
1931.666667	-23.62117568	0.26	22.97548664
1931.75	-23.61897102	0.315	22.97768517
1931.833333	-23.82347587	0.055	22.9798837
1931.916667	-23.82127119	0.167	22.98208222
1932	-23.81906651	0.172	22.98428075
1932.083333	-23.81686183	0.226	22.98647927
1932.166667	-23.81465714	0.243	22.9886778
1932.25	-23.81245246	0.208	22.99087633
1932.333333	-23.81024778	0.15	20.76828206
1932.416667	-23.8080431	0.24	20.77048082
1932.5	-23.80583842	0.267	20.77267958
1932.583333	-23.80363373	0.383	20.77487834
1932.666667	-23.80142905	0.332	20.7770771
1932.75	-23.79922437	0.234	20.77927586
1932.833333	-30.1397529	0.133	20.78147463
1932.916667	-30.13754754	0.091	20.78367339
1933	-30.13534218	0.084	20.78587215
1933.083333	-30.13313681	0.152	20.78807091
1933.166667	-30.13093145	0.086	20.79026967
1933.25	-30.12872609	0.207	20.79246843
1933.333333	-30.12652073	0.287	17.53034559
1933.416667	-30.12431536	0.239	17.5325447
1933.5	-30.12211	0.275	17.5347438
1933.583333	-30.11990464	0.277	17.53694291
1933.666667	-30.11769928	0.239	17.53914202
1933.75	-30.11549392	0.327	17.54134112
1933.833333	-31.53183946	0.075	17.54354023
1933.916667	-31.52963395	-0.002	17.54573933
1934	-31.52742843	-0.116	17.54793844
1934.083333	-31.52522292	-0.194	17.55013755
1934.166667	-31.52301741	-0.215	17.55233665
1934.25	-31.5208119	-0.098	17.55453576
1934.333333	-31.51860638	-0.116	21.15487552
1934.416667	-31.51640087	0.029	21.15707424
1934.5	-31.51419536	0.166	21.15927296
1934.583333	-31.51198985	0.075	21.16147168
1934.666667	-31.50978434	0.138	21.1636704
1934.75	-31.50757883	0.166	21.16586912
1934.833333	-27.6723217	0.013	21.16806784
1934.916667	-27.67011661	-0.009	21.17026656
1935	-27.66791151	0.038	21.17246528
1935.083333	-27.66570641	-0.14	21.174664
1935.166667	-27.66350131	-0.154	21.17686272
1935.25	-27.66129622	0.05	21.17906143
1935.333333	-27.65909112	0.136	26.01254005
1935.416667	-27.65688602	0.105	26.01473825
1935.5	-27.65468093	0.058	26.01693645
1935.583333	-27.65247583	0	26.01913466
1935.666667	-27.65027074	-0.042	26.02133286
1935.75	-27.64806564	-0.023	26.02353106
1935.833333	-27.5947663	0.015	26.02572926
1935.916667	-27.59256121	0.096	26.02792746
1936	-27.59035612	0.132	26.03012567
1936.083333	-27.58815103	0.14	26.03232387
1936.166667	-27.58594594	0.189	26.03452207
1936.25	-27.58374086	0.191	26.03672027
1936.333333	-27.58153577	0.162	24.42472974
1936.416667	-27.57933068	0.188	24.42692812
1936.5	-27.57712559	0.19	24.42912649
1936.583333	-27.5749205	0.209	24.43132486
1936.666667	-27.57271542	0.168	24.43352323
1936.75	-27.57051033	0.099	24.4357216
1936.833333	-33.00991626	0.014	24.43791998
1936.916667	-33.00771058	0.042	24.44011835
1937	-33.00550491	0.049	24.44231672
1937.083333	-33.00329924	0.08	24.44451509
1937.166667	-33.00109357	0.093	24.44671346
1937.25	-32.99888789	0.064	24.44891183
1937.333333	-32.99668222	0.125	21.94386955
1937.416667	-32.99447655	0.445	21.94606818
1937.5	-32.99227088	0.606	21.94826682
1937.583333	-32.99006521	0.586	21.95046546
1937.666667	-32.98785954	0.502	21.95266409
1937.75	-32.98565387	0.291	21.95486273
1937.833333	-33.97892521	0.25	21.95706137
1937.916667	-33.97671943	0.347	21.95926
1938	-33.97451366	0.205	21.96145864
1938.083333	-33.97230788	0.146	21.96365727
1938.166667	-33.9701021	0.194	21.96585591
1938.25	-33.96789633	0.231	21.96805454
1938.333333	-33.96569055	0.197	24.75857941
1938.416667	-33.96348478	0.162	24.76077775
1938.5	-33.961279	0.199	24.76297609
1938.583333	-33.95907323	0.292	24.76517442
1938.666667	-33.95686745	0.303	24.76737276
1938.75	-33.95466168	0.349	24.7695711
1938.833333	-31.26383579	0.313	24.77176943
1938.916667	-31.2616303	0.213	24.77396777
1939	-31.25942482	0.129	24.7761661
1939.083333	-31.25721934	0.073	24.77836444
1939.166667	-31.25501385	-0.038	24.78056277
1939.25	-31.25280837	0.089	24.78276111
1939.333333	-31.25060288	0.099	27.51021817
1939.416667	-31.2483974	0.171	27.51241621
1939.5	-31.24619192	0.319	27.51461425
1939.583333	-31.24398644	0.317	27.5168123
1939.666667	-31.24178095	0.294	27.51901034
1939.75	-31.23957547	0.004	27.52120838
1939.833333	-31.57795426	-0.159	27.52340643
1939.916667	-31.57574874	-0.086	27.52560447
1940	-31.57354323	0.056	27.52780251
1940.083333	-31.57133771	-0.2	27.53000055
1940.166667	-31.56913219	-0.15	27.53219859
1940.25	-31.56692667	-0.038	27.53439664
1940.333333	-31.56472116	-0.004	25.71429049
1940.416667	-31.56251564	0.008	25.71648873
1940.5	-31.56031012	0.09	25.71868696
1940.583333	-31.55810461	0.099	25.7208852
1940.666667	-31.55589909	0.018	25.72308343
1940.75	-31.55369357	-0.055	25.72528167
1940.833333	-34.62972439	-0.138	25.7274799
1940.916667	-34.62751854	-0.144	25.72967813
1941	-34.62531269	-0.068	25.73187637
1941.083333	-34.62310685	0.089	25.7340746
1941.166667	-34.620901	0.125	25.73627283
1941.25	-34.61869515	0.058	25.73847107
1941.333333	-34.61648931	0.031	24.69863624
1941.416667	-34.61428346	-0.025	24.70083458
1941.5	-34.61207762	0.082	24.70303292
1941.583333	-34.60987177	0.273	24.70523127
1941.666667	-34.60766593	0.298	24.70742961
1941.75	-34.60546008	0.409	24.70962795
1941.833333	-33.89147306	0.386	24.71182629
1941.916667	-33.88926729	0.32	24.71402464
1942	-33.88706152	0.129	24.71622298
1942.083333	-33.88485575	0.192	24.71842132
1942.166667	-33.88264999	0.186	24.72061966
1942.25	-33.88044422	0.198	24.722818
1942.333333	-33.87823845	0.203	26.98204036
1942.416667	-33.87603269	0.254	26.98423846
1942.5	-33.87382692	0.094	26.98643656
1942.583333	-33.87162116	0.139	26.98863466
1942.666667	-33.86941539	0.218	26.99083276
1942.75	-33.86720963	0.197	26.99303086
1942.833333	-32.22536998	0.19	26.99522896
1942.916667	-32.22316439	0.086	26.99742706
1943	-32.2209588	0.123	26.99962516
1943.083333	-32.21875322	0.09	27.00182326
1943.166667	-32.21654763	-0.109	27.00402135
1943.25	-32.21434204	-0.142	27.00621945
1943.333333	-32.21213645	-0.13	26.89842257
1943.416667	-32.20993087	-0.082	26.90062068
1943.5	-32.20772528	0.01	26.90281879
1943.583333	-32.2055197	0.01	26.9050169
1943.666667	-32.20331411	0.07	26.90721501
1943.75	-32.20110852	0.074	26.90941312
1943.833333	-33.58108466	0.137	26.91161122
1943.916667	-33.57887892	0.222	26.91380933
1944	-33.57667319	0.295	26.91600744
1944.083333	-33.57446746	0.312	26.91820555
1944.166667	-33.57226172	0.417	26.92040365
1944.25	-33.57005599	0.309	26.92260176
1944.333333	-33.56785026	0.286	24.35743961
1944.416667	-33.56564452	0.341	24.35963799
1944.5	-33.56343879	0.356	24.36183637
1944.583333	-33.56123306	0.438	24.36403475
1944.666667	-33.55902733	0.412	24.36623313
1944.75	-33.5568216	0.361	24.36843151
1944.833333	-34.28284541	0.266	24.37062989
1944.916667	-34.2806396	0.268	24.37282827
1945	-34.27843379	0.254	24.37502665
1945.083333	-34.27622798	0.343	24.37722502
1945.166667	-34.27402217	0.359	24.3794234
1945.25	-34.27181636	0.406	24.38162178
1945.333333	-34.26961055	0.304	25.09109024
1945.416667	-34.26740475	0.169	25.09328854
1945.5	-34.26519894	0.079	25.09548684
1945.583333	-34.26299313	0.102	25.09768514
1945.666667	-34.26078732	0.08	25.09988344
1945.75	-34.25858152	0.097	25.10208174
1945.833333	-31.41501763	0.179	25.10428004
1945.916667	-31.41281213	0.133	25.10647834
1946	-31.41060663	0.272	25.10867664
1946.083333	-31.40840113	0.186	25.11087494
1946.166667	-31.40619563	0.126	25.11307324
1946.25	-31.40399013	0.057	25.11527154
1946.333333	-31.40178463	0.084	27.17772258
1946.416667	-31.39957913	-0.105	27.17992066
1946.5	-31.39737363	-0.21	27.18211874
1946.583333	-31.39516814	-0.169	27.18431682
1946.666667	-31.39296264	-0.022	27.1865149
1946.75	-31.39075714	-0.02	27.18871298
1946.833333	-30.55263304	-0.07	27.19091105
1946.916667	-30.55042763	-0.04	27.19310913
1947	-30.54822222	-0.179	27.19530721
1947.083333	-30.54601682	-0.132	27.19750529
1947.166667	-30.54381141	-0.096	27.19970337
1947.25	-30.541606	-0.102	27.20190144
1947.333333	-30.5394006	-0.159	24.64362765
1947.416667	-30.53719519	-0.157	24.645826
1947.5	-30.53498978	-0.161	24.64802435
1947.583333	-30.53278438	-0.104	24.6502227
1947.666667	-30.53057897	-0.055	24.65242105
1947.75	-30.52837357	-0.094	24.65461939
1947.833333	-33.52509233	0.042	24.65681774
1947.916667	-33.52288661	0.029	24.65901609
1948	-33.52068088	-0.02	24.66121444
1948.083333	-33.51847515	-0.032	24.66341279
1948.166667	-33.51626942	0.023	24.66561113
1948.25	-33.5140637	-0.075	24.66780948
1948.333333	-33.51185797	-0.009	20.97270631
1948.416667	-33.50965224	0.05	20.97490505
1948.5	-33.50744652	-0.044	20.97710379
1948.583333	-33.50524079	-0.027	20.97930253
1948.666667	-33.50303507	-0.058	20.98150127
1948.75	-33.50082934	0.003	20.98370001
1948.833333	-32.84577661	0.129	20.98589875
1948.916667	-32.84357095	0.057	20.98809749
1949	-32.8413653	0.148	20.99029623
1949.083333	-32.83915964	0.155	20.99249497
1949.166667	-32.83695399	0.034	20.99469371
1949.25	-32.83474833	0.094	20.99689244
1949.333333	-32.83254268	-0.029	23.02539621
1949.416667	-32.83033703	-0.004	23.02759473
1949.5	-32.82813137	0.067	23.02979326
1949.583333	-32.82592572	0.097	23.03199178
1949.666667	-32.82372007	0.065	23.0341903
1949.75	-32.82151442	0.099	23.03638882
1949.833333	-28.27159887	0.103	23.03858734
1949.916667	-28.2693937	0.113	23.04078586
1950	-28.26718854	0.106	23.04298438
1950.083333	-28.26498338	-0.038	23.0451829
1950.166667	-28.26277822	-0.111	23.04738142
1950.25	-28.26057306	-0.135	23.04957994
1950.333333	-28.2583679	-0.063	25.75212785
1950.416667	-28.25616274	-0.048	25.75432608
1950.5	-28.25395758	-0.06	25.75652431
1950.583333	-28.25175242	0.015	25.75872254
1950.666667	-28.24954726	0.005	25.76092077
1950.75	-28.2473421	-0.095	25.763119
1950.833333	-27.39775476	0.075	25.76531723
1950.916667	-27.3955497	0.083	25.76751546
1951	-27.39334463	0.098	25.76971369
1951.083333	-27.39113956	-0.007	25.77191192
1951.166667	-27.38893449	0.007	25.77411015
1951.25	-27.38672943	0.164	25.77630838
1951.333333	-27.38452436	0.167	22.67043569
1951.416667	-27.38231929	0.284	22.67263425
1951.5	-27.38011423	0.417	22.67483281
1951.583333	-27.37790916	0.298	22.67703137
1951.666667	-27.37570409	0.244	22.67922993
1951.75	-27.37349903	0.254	22.68142849
1951.833333	-31.30660986	0.17	22.68362705
1951.916667	-31.30440437	0.169	22.68582561
1952	-31.30219888	0.166	22.68802416
1952.083333	-31.29999339	0.177	22.69022272
1952.166667	-31.2977879	0.225	22.69242128
1952.25	-31.29558241	0.186	22.69461984
1952.333333	-31.29337692	0.175	18.47450474
1952.416667	-31.29117144	0.377	18.47670375
1952.5	-31.28896595	0.367	18.47890275
1952.583333	-31.28676046	0.398	18.48110176
1952.666667	-31.28455498	0.356	18.48330076
1952.75	-31.28234949	0.349	18.48549977
1952.833333	-31.23273396	0.245	18.48769878
1952.916667	-31.23052848	0.335	18.48989778
1953	-31.22832299	0.26	18.49209679
1953.083333	-31.22611751	0.18	18.49429579
1953.166667	-31.22391203	0.136	18.4964948
1953.25	-31.22170655	0.308	18.4986938
1953.333333	-31.21950107	0.337	20.43994325
1953.416667	-31.21729559	0.27	20.44214204
1953.5	-31.21509011	0.338	20.44434084
1953.583333	-31.21288464	0.253	20.44653964
1953.666667	-31.21067916	0.274	20.44873843
1953.75	-31.20847368	0.142	20.45093723
1953.833333	-27.03712788	0.238	20.45313603
1953.916667	-27.03492285	0.252	20.45533482
1954	-27.03271782	0.221	20.45753362
1954.083333	-27.03051279	0.09	20.45973241
1954.166667	-27.02830777	0.095	20.46193121
1954.25	-27.02610274	-0.019	20.46413
1954.333333	-27.02389771	0.064	23.23701623
1954.416667	-27.02169268	0.093	23.23921472
1954.5	-27.01948765	-0.051	23.24141322
1954.583333	-27.01728263	-0.02	23.24361172
1954.666667	-27.0150776	-0.017	23.24581022
1954.75	-27.01287257	-0.038	23.24800872
1954.833333	-26.03303179	-0.033	23.25020722
1954.916667	-26.03082687	-0.057	23.25240571
1955	-26.02862195	0.07	23.25460421
1955.083333	-26.02641703	0.034	23.25680271
1955.166667	-26.02421211	0.035	23.25900121
1955.25	-26.02200719	0.089	23.2611997
1955.333333	-26.01980227	0.17	21.28681212
1955.416667	-26.01759735	0.187	21.28901083
1955.5	-26.01539243	0.262	21.29120953
1955.583333	-26.01318751	0.169	21.29340824
1955.666667	-26.01098259	0.197	21.29560694
1955.75	-26.00877767	0.273	21.29780565
1955.833333	-29.13760002	0.38	21.30000436
1955.916667	-29.13539477	0.25	21.30220306
1956	-29.13318951	0.18	21.30440177
1956.083333	-29.13098426	0.088	21.30660047
1956.166667	-29.128779	0.007	21.30879918
1956.25	-29.12657375	0.057	21.31099788
1956.333333	-29.1243685	-0.064	18.3917315
1956.416667	-29.12216324	-0.271	18.39393051
1956.5	-29.11995799	-0.097	18.39612953
1956.583333	-29.11775273	-0.105	18.39832854
1956.666667	-29.11554748	-0.096	18.40052756
1956.75	-29.11334223	-0.049	18.40272657
1956.833333	-29.1608788	-0.093	18.40492558
1956.916667	-29.15867354	0.012	18.4071246
1957	-29.15646828	-0.087	18.40932361
1957.083333	-29.15426303	-0.113	18.41152263
1957.166667	-29.15205777	-0.026	18.41372164
1957.25	-29.14985251	-0.08	18.41592065
1957.333333	-29.14764725	-0.128	19.62585112
1957.416667	-29.145442	-0.019	19.62805
1957.5	-29.14323674	0.033	19.63024888
1957.583333	-29.14103149	0.195	19.63244777
1957.666667	-29.13882623	0.214	19.63464665
1957.75	-29.13662097	0.143	19.63684553
1957.833333	-26.4855109	0.077	19.63904441
1957.916667	-26.48330594	0.072	19.6412433
1958	-26.48110097	0.042	19.64344218
1958.083333	-26.478896	0.182	19.64564106
1958.166667	-26.47669103	0.337	19.64783994
1958.25	-26.47448606	0.339	19.65003883
1958.333333	-26.47228109	0.194	20.7380217
1958.416667	-26.47007612	0.214	20.74022046
1958.5	-26.46787115	0.157	20.74241923
1958.583333	-26.46566618	0.154	20.74461799
1958.666667	-26.46346122	0.205	20.74681676
1958.75	-26.46125625	0.145	20.74901552
1958.833333	-26.21833419	0.178	20.75121429
1958.916667	-26.21612925	0.212	20.75341305
1959	-26.21392431	0.093	20.75561181
1959.083333	-26.21171937	0.107	20.75781058
1959.166667	-26.20951443	-0.035	20.76000934
1959.25	-26.20730949	-0.011	20.7622081
1959.333333	-26.20510455	0	19.04645675
1959.416667	-26.20289961	-0.067	19.0486557
1959.5	-26.20069467	-0.039	19.05085464
1959.583333	-26.19848973	0.005	19.05305359
1959.666667	-26.1962848	0.118	19.05525253
1959.75	-26.19407986	0.105	19.05745148
1959.833333	-27.45271931	0.043	19.05965042
1959.916667	-27.45051423	0.102	19.06184937
1960	-27.44830916	0.169	19.06404831
1960.083333	-27.44610409	0.209	19.06624725
1960.166667	-27.44389901	0.081	19.0684462
1960.25	-27.44169394	0.089	19.07064514
1960.333333	-27.43948887	0.295	18.06096887
1960.416667	-27.4372838	0.311	18.06316792
1960.5	-27.43507872	0.263	18.06536697
1960.583333	-27.43287365	0.327	18.06756602
1960.666667	-27.43066858	0.203	18.06976507
1960.75	-27.42846351	0.288	18.07196412
1960.833333	-26.27030951	0.242	18.07416317
1960.916667	-26.26810456	0.13	18.07636222
1961	-26.26589962	0.053	18.07856127
1961.083333	-26.26369467	0.073	18.08076032
1961.166667	-26.26148973	0.14	18.08295937
1961.25	-26.25928478	0.219	18.08515842
1961.333333	-26.25707983	0.185	19.02719976
1961.416667	-26.25487489	0.024	19.0293987
1961.5	-26.25266994	-0.027	19.03159765
1961.583333	-26.250465	0.028	19.0337966
1961.666667	-26.24826005	-0.005	19.03599554
1961.75	-26.24605511	0.021	19.03819449
1961.833333	-24.66818408	0.059	19.04039344
1961.916667	-24.6659793	0.205	19.04259238
1962	-24.66377453	0.141	19.04479133
1962.083333	-24.66156976	0.143	19.04699028
1962.166667	-24.65936498	0.157	19.04918922
1962.25	-24.65716021	0.079	19.05138817
1962.333333	-24.65495544	0.014	17.62646745
1962.416667	-24.65275066	-0.08	17.62866655
1962.5	-24.65054589	-0.016	17.63086565
1962.583333	-24.64834112	-0.072	17.63306474
1962.666667	-24.64613635	-0.004	17.63526384
1962.75	-24.64393158	0.057	17.63746293
1962.833333	-25.6113818	0.038	17.63966203
1962.916667	-25.60917693	0.181	17.64186113
1963	-25.60697205	0.149	17.64406022
1963.083333	-25.60476718	0.157	17.64625932
1963.166667	-25.6025623	0.125	17.64845841
1963.25	-25.60035743	0.095	17.6506575
1963.333333	-25.59815255	-0.094	15.22533402
1963.416667	-25.59594768	-0.056	15.22753338
1963.5	-25.5937428	-0.045	15.22973273
1963.583333	-25.59153793	-0.082	15.23193208
1963.666667	-25.58933306	-0.211	15.23413143
1963.75	-25.58712818	-0.08	15.23633079
1963.833333	-24.97404186	-0.066	15.23853014
1963.916667	-24.97183706	-0.069	15.24072949
1964	-24.96963225	-0.084	15.24292884
1964.083333	-24.96742744	0.012	15.24512819
1964.166667	-24.96522264	0.03	15.24732754
1964.25	-24.96301783	-0.155	15.24952689
1964.333333	-24.96081302	0.031	16.14471537
1964.416667	-24.95860822	-0.005	16.14691462
1964.5	-24.95640341	-0.153	16.14911388
1964.583333	-24.95419861	-0.243	16.15131313
1964.666667	-24.9519938	-0.229	16.15351239
1964.75	-24.949789	-0.281	16.15571164
1964.833333	-21.8525992	-0.175	16.15791089
1964.916667	-21.85039473	-0.13	16.16011015
1965	-21.84819026	-0.208	16.1623094
1965.083333	-21.84598579	-0.186	16.16450865
1965.166667	-21.84378132	-0.087	16.16670791
1965.25	-21.84157685	-0.106	16.16890716
1965.333333	-21.83937238	-0.108	17.26724003
1965.416667	-21.83716791	-0.136	17.26943917
1965.5	-21.83496344	-0.197	17.2716383
1965.583333	-21.83275897	-0.22	17.27383744
1965.666667	-21.8305545	-0.231	17.27603657
1965.75	-21.82835003	-0.257	17.2782357
1965.833333	-20.78925475	-0.286	17.28043484
1965.916667	-20.78705039	-0.133	17.28263397
1966	-20.78484603	-0.085	17.28483311
1966.083333	-20.78264168	0.001	17.28703224
1966.166667	-20.78043732	-0.019	17.28923137
1966.25	-20.77823297	0.034	17.29143051
1966.333333	-20.77602861	-0.008	13.5663721
1966.416667	-20.77382426	-0.055	13.56857163
1966.5	-20.7716199	-0.065	13.57077116
1966.583333	-20.76941555	-0.053	13.57297069
1966.666667	-20.76721119	-0.01	13.57517022
1966.75	-20.76500684	0.004	13.57736975
1966.833333	-23.30539905	-0.007	13.57956928
1966.916667	-23.30319442	0.07	13.58176881
1967	-23.30098979	0.071	13.58396833
1967.083333	-23.29878517	0.078	13.58616786
1967.166667	-23.29658054	-0.044	13.58836739
1967.25	-23.29437591	-0.025	13.59056692
1967.333333	-23.29217129	-0.197	9.731781013
1967.416667	-23.28996666	-0.271	9.733980951
1967.5	-23.28776204	-0.24	9.736180889
1967.583333	-23.28555741	-0.175	9.738380827
1967.666667	-23.28335278	-0.107	9.740580764
1967.75	-23.28114816	-0.11	9.742780701
1967.833333	-21.55524166	-0.245	9.744980638
1967.916667	-21.55303722	-0.163	9.747180575
1968	-21.55083278	-0.257	9.749380511
1968.083333	-21.54862834	-0.208	9.751580447
1968.166667	-21.54642391	-0.219	9.753780383
1968.25	-21.54421947	-0.166	9.755980319
1968.333333	-21.54201503	-0.134	11.70888437
1968.416667	-21.53981059	-0.273	11.71108409
1968.5	-21.53760616	-0.24	11.71328382
1968.583333	-21.53540172	-0.224	11.71548355
1968.666667	-21.53319728	-0.16	11.71768327
1968.75	-21.53099285	-0.124	11.719883
1968.833333	-16.77393137	-0.118	11.72208273
1968.916667	-16.77172745	-0.137	11.72428245
1969	-16.76952352	-0.073	11.72648218
1969.083333	-16.7673196	0.094	11.7286819
1969.166667	-16.76511568	0.196	11.73088163
1969.25	-16.76291175	0.138	11.73308135
1969.333333	-16.76070783	0	13.51475905
1969.416667	-16.75850391	0.017	13.51695859
1969.5	-16.75629999	0.083	13.51915812
1969.583333	-16.75409606	-0.112	13.52135766
1969.666667	-16.75189214	-0.118	13.52355719
1969.75	-16.74968822	-0.196	13.52575672
1969.833333	-15.42565675	-0.135	13.52795626
1969.916667	-15.42345298	-0.042	13.53015579
1970	-15.4212492	-0.021	13.53235533
1970.083333	-15.41904542	-0.059	13.53455486
1970.166667	-15.41684164	0.008	13.53675439
1970.25	-15.41463786	0.009	13.53895392
1970.333333	-15.41243409	-0.057	9.398659696
1970.416667	-15.41023031	-0.193	9.40085967
1970.5	-15.40802653	-0.211	9.403059643
1970.583333	-15.40582275	-0.151	9.405259616
1970.666667	-15.40361898	-0.149	9.407459589
1970.75	-15.4014152	-0.207	9.409659561
1970.833333	-18.43509707	-0.251	9.411859534
1970.916667	-18.43289297	-0.22	9.414059506
1971	-18.43068887	-0.257	9.416259478
1971.083333	-18.42848476	-0.303	9.418459449
1971.166667	-18.42628066	-0.321	9.420659421
1971.25	-18.42407656	-0.424	9.422859392
1971.333333	-18.42187246	-0.337	4.98331594
1971.416667	-18.41966836	-0.374	4.985516384
1971.5	-18.41746425	-0.36	4.987716828
1971.583333	-18.41526015	-0.446	4.989917271
1971.666667	-18.41305605	-0.377	4.992117715
1971.75	-18.41085195	-0.246	4.994318158
1971.833333	-17.1952101	-0.254	4.9965186
1971.916667	-17.19300613	-0.319	4.998719043
1972	-17.19080216	-0.329	5.000919485
1972.083333	-17.18859819	-0.391	5.003119927
1972.166667	-17.18639422	-0.45	5.005320369
1972.25	-17.18419026	-0.337	5.007520811
1972.333333	-17.18198629	-0.48	6.537227919
1972.416667	-17.17978232	-0.499	6.539428197
1972.5	-17.17757835	-0.386	6.541628476
1972.583333	-17.17537438	-0.394	6.543828753
1972.666667	-17.17317042	-0.314	6.546029031
1972.75	-17.17096645	-0.297	6.548229309
1972.833333	-13.0864837	-0.288	6.550429586
1972.916667	-13.08428017	-0.362	6.552629863
1973	-13.08207664	-0.385	6.55483014
1973.083333	-13.07987312	-0.404	6.557030416
1973.166667	-13.07766959	-0.355	6.559230692
1973.25	-13.07546607	-0.275	6.561430968
1973.333333	-13.07326254	-0.18	8.211485053
1973.416667	-13.07105901	-0.186	8.213685153
1973.5	-13.06885549	-0.114	8.215885252
1973.583333	-13.06665196	-0.144	8.218085352
1973.666667	-13.06444844	-0.142	8.220285451
1973.75	-13.06224492	-0.226	8.22248555
1973.833333	-11.94762261	-0.22	8.224685649
1973.916667	-11.9454192	-0.249	8.226885748
1974	-11.9432158	-0.286	8.229085846
1974.083333	-11.9410124	-0.294	8.231285944
1974.166667	-11.93880899	-0.412	8.233486042
1974.25	-11.93660559	-0.534	8.23568614
1974.333333	-11.93440219	-0.511	5.620375633
1974.416667	-11.93219878	-0.458	5.62257601
1974.5	-11.92999538	-0.525	5.624776385
1974.583333	-11.92779198	-0.479	5.626976761
1974.666667	-11.92558858	-0.517	5.629177136
1974.75	-11.92338517	-0.519	5.631377512
1974.833333	-14.0192654	-0.437	5.633577886
1974.916667	-14.01706178	-0.372	5.635778261
1975	-14.01485815	-0.284	5.637978636
1975.083333	-14.01265452	-0.349	5.64017901
1975.166667	-14.0104509	-0.32	5.642379384
1975.25	-14.00824727	-0.356	5.644579757
1975.333333	-14.00604364	-0.399	3.046759454
1975.416667	-14.00384002	-0.306	3.048960104
1975.5	-14.00163639	-0.282	3.051160755
1975.583333	-13.99943277	-0.196	3.053361404
1975.666667	-13.99722914	-0.347	3.055562054
1975.75	-13.99502552	-0.365	3.057762703
1975.833333	-12.96614503	-0.352	3.059963352
1975.916667	-12.96394152	-0.333	3.062164001
1976	-12.96173801	-0.395	3.06436465
1976.083333	-12.95953449	-0.452	3.066565298
1976.166667	-12.95733098	-0.504	3.068765946
1976.25	-12.95512747	-0.437	3.070966594
1976.333333	-12.95292395	-0.499	4.000075513
1976.416667	-12.95072044	-0.494	4.002276062
1976.5	-12.94851693	-0.318	4.00447661
1976.583333	-12.94631342	-0.196	4.006677158
1976.666667	-12.94410991	-0.204	4.008877706
1976.75	-12.9419064	-0.304	4.011078254
1976.833333	-10.90630162	-0.427	4.013278802
1976.916667	-10.90409833	-0.443	4.015479349
1977	-10.90189503	-0.4	4.017679896
1977.083333	-10.89969174	-0.344	4.019880443
1977.166667	-10.89748845	-0.194	4.02208099
1977.25	-10.89528516	-0.228	4.024281536
1977.333333	-10.89308187	-0.181	4.189573116
1977.416667	-10.89087858	-0.118	4.191773644
1977.5	-10.88867529	-0.117	4.193974172
1977.583333	-10.886472	-0.156	4.196174701
1977.666667	-10.88426871	-0.243	4.198375228
1977.75	-10.88206542	-0.235	4.200575756
1977.833333	-11.15792633	-0.154	4.202776283
1977.916667	-11.15572301	-0.215	4.20497681
1978	-11.15351969	-0.117	4.207177337
1978.083333	-11.15131637	-0.158	4.209377864
1978.166667	-11.14911306	-0.169	4.21157839
1978.25	-11.14690974	-0.206	4.213778916
1978.333333	-11.14470642	-0.215	2.592496673
1978.416667	-11.1425031	-0.343	2.594697372
1978.5	-11.14029978	-0.287	2.59689807
1978.583333	-11.13809647	-0.237	2.599098768
1978.666667	-11.13589315	-0.2	2.601299466
1978.75	-11.13368983	-0.218	2.603500164
1978.833333	-11.78797625	-0.13	2.605700861
1978.916667	-11.78577286	-0.193	2.607901559
1979	-11.78356947	-0.203	2.610102256
1979.083333	-11.78136609	-0.162	2.612302953
1979.166667	-11.7791627	-0.238	2.614503649
1979.25	-11.77695932	-0.247	2.616704345
1979.333333	-11.77475593	-0.128	2.486188926
1979.416667	-11.77255254	-0.052	2.488389636
1979.5	-11.77034916	-0.105	2.490590346
1979.583333	-11.76814577	-0.125	2.492791056
1979.666667	-11.76594239	-0.12	2.494991765
1979.75	-11.76373901	-0.098	2.497192474
1979.833333	-9.998058058	-0.095	2.499393183
1979.916667	-9.995854864	-0.07	2.501593891
1980	-9.99365167	-0.012	2.5037946
1980.083333	-9.991448476	-0.088	2.505995308
1980.166667	-9.989245283	-0.149	2.508196016
1980.25	-9.98704209	-0.011	2.510396723
1980.333333	-9.984838897	0.119	3.423600822
1980.416667	-9.982635704	0.099	3.425801432
1980.5	-9.980432512	0.04	3.428002042
1980.583333	-9.97822932	0.013	3.430202651
1980.666667	-9.976026128	-0.018	3.432403261
1980.75	-9.973822936	-0.071	3.43460387
1980.833333	-9.369625472	-0.207	3.436804479
1980.916667	-9.367422345	-0.259	3.439005088
1981	-9.365219219	-0.187	3.441205696
1981.083333	-9.363016093	-0.186	3.443406304
1981.166667	-9.360812968	-0.004	3.445606912
1981.25	-9.358609842	-0.1	3.44780752
1981.333333	-9.356406717	-0.089	1.536572965
1981.416667	-9.354203592	-0.067	1.538773776
1981.5	-9.352000467	-0.1	1.540974587
1981.583333	-9.349797342	-0.12	1.543175398
1981.666667	-9.347594218	-0.041	1.545376208
1981.75	-9.345391094	-0.192	1.547577019
1981.833333	-11.17072547	-0.142	1.549777829
1981.916667	-11.16852214	-0.012	1.551978638
1982	-11.16631882	-0.086	1.554179448
1982.083333	-11.1641155	-0.084	1.556380257
1982.166667	-11.16191219	-0.086	1.558581066
1982.25	-11.15970887	-0.188	1.560781875
1982.333333	-11.15750555	-0.197	-0.123778859
1982.416667	-11.15530223	-0.19	-0.121576731
1982.5	-11.15309891	-0.234	-0.119374604
1982.583333	-11.15089559	-0.314	-0.117172477
1982.666667	-11.14869227	-0.313	-0.11497035
1982.75	-11.14648895	-0.377	-0.112768224
1982.833333	-10.56447093	-0.422	-0.110566097
1982.916667	-10.56226768	-0.386	-0.108363971
1983	-10.56006442	-0.304	-0.106161846
1983.083333	-10.55786117	-0.109	-0.10395972
1983.166667	-10.55565791	0.076	-0.101757595
1983.25	-10.55345466	0.054	-0.09955547
1983.333333	-10.5512514	-0.054	1.886875655
1983.416667	-10.54904815	-0.06	1.889076429
1983.5	-10.5468449	-0.021	1.891277202
1983.583333	-10.54464164	-0.164	1.893477976
1983.666667	-10.54243839	-0.221	1.895678749
1983.75	-10.54023514	-0.201	1.897879522
1983.833333	-7.341528316	-0.164	1.900080295
1983.916667	-7.339325408	-0.008	1.902281067
1984	-7.337122501	-0.112	1.904481839
1984.083333	-7.334919593	-0.094	1.906682611
1984.166667	-7.332716686	-0.13	1.908883383
1984.25	-7.330513779	-0.163	1.911084154
1984.333333	-7.328310872	-0.171	3.253564967
1984.416667	-7.326107965	-0.33	3.255765595
1984.5	-7.323905059	-0.271	3.257966223
1984.583333	-7.321702153	-0.231	3.260166851
1984.666667	-7.319499247	-0.214	3.262367479
1984.75	-7.317296341	-0.349	3.264568106
1984.833333	-7.229884438	-0.43	3.266768733
1984.916667	-7.227681542	-0.323	3.26896936
1985	-7.225478646	-0.36	3.271169987
1985.083333	-7.22327575	-0.335	3.273370613
1985.166667	-7.221072855	-0.362	3.275571239
1985.25	-7.21886996	-0.407	3.277771865
1985.333333	-7.216667065	-0.343	-0.523292696
1985.416667	-7.214464171	-0.134	-0.521090526
1985.5	-7.212261276	-0.159	-0.518888356
1985.583333	-7.210058382	-0.287	-0.516686186
1985.666667	-7.207855488	-0.253	-0.514484017
1985.75	-7.205652595	-0.251	-0.512281848
1985.833333	-10.54450124	-0.301	-0.510079679
1985.916667	-10.54229798	-0.343	-0.507877511
1986	-10.54009473	-0.349	-0.505675342
1986.083333	-10.53789148	-0.281	-0.503473174
1986.166667	-10.53568823	-0.299	-0.501271006
1986.25	-10.53348498	-0.331	-0.499068839
1986.333333	-10.53128172	-0.235	-3.372063504
1986.416667	-10.52907847	-0.267	-3.369861031
1986.5	-10.52687522	-0.255	-3.367658557
1986.583333	-10.52467197	-0.279	-3.365456084
1986.666667	-10.52246872	-0.226	-3.363253611
1986.75	-10.52026547	-0.325	-3.361051139
1986.833333	-9.30813168	-0.404	-3.358848666
1986.916667	-9.30592856	-0.378	-3.356646194
1987	-9.303725441	-0.284	-3.354443722
1987.083333	-9.301522321	-0.224	-3.352241251
1987.166667	-9.299319202	-0.039	-3.350038779
1987.25	-9.297116083	0.023	-3.347836308
1987.333333	-9.294912965	0.061	-0.520326537
1987.416667	-9.292709846	0.196	-0.518124367
1987.5	-9.290506728	0.273	-0.515922198
1987.583333	-9.28830361	0.273	-0.513720029
1987.666667	-9.286100493	0.187	-0.51151786
1987.75	-9.283897375	0.04	-0.509315691
1987.833333	-4.731130329	-0.077	-0.507113522
1987.916667	-4.728927702	0.036	-0.504911354
1988	-4.726725076	-0.049	-0.502709186
1988.083333	-4.724522449	-0.123	-0.500507018
1988.166667	-4.722319823	-0.018	-0.498304851
1988.25	-4.720117197	0.043	-0.496102683
1988.333333	-4.717914571	0.129	1.474984438
1988.416667	-4.715711946	0.156	1.477185255
1988.5	-4.713509321	0.1	1.479386073
1988.583333	-4.711306696	-0.018	1.48158689
1988.666667	-4.709104071	-0.105	1.483787707
1988.75	-4.706901446	-0.181	1.485988524
1988.833333	-4.096737991	-0.157	1.488189341
1988.916667	-4.094535432	-0.174	1.490390157
1989	-4.092332874	-0.231	1.492590973
1989.083333	-4.090130316	-0.167	1.494791789
1989.166667	-4.087927758	-0.263	1.496992605
1989.25	-4.0857252	-0.3	1.49919342
1989.333333	-4.083522643	-0.157	-2.715998232
1989.416667	-4.081320086	0.08	-2.713795828
1989.5	-4.079117529	0.167	-2.711593425
1989.583333	-4.076914972	0.102	-2.709391021
1989.666667	-4.074712416	-0.105	-2.707188618
1989.75	-4.07250986	-0.134	-2.704986216
1989.833333	-7.330894022	-0.16	-2.702783813
1989.916667	-7.328691115	-0.164	-2.700581411
1990	-7.326488208	-0.31	-2.698379009
1990.083333	-7.324285302	-0.172	-2.696176607
1990.166667	-7.322082396	-0.189	-2.693974206
1990.25	-7.31987949	-0.128	-2.691771805
1990.333333	-7.317676584	-0.069	-6.176902161
1990.416667	-7.315473679	-0.067	-6.174699389
1990.5	-7.313270774	-0.033	-6.172496617
1990.583333	-7.311067869	0.042	-6.170293845
1990.666667	-7.308864964	0.136	-6.168091073
1990.75	-7.306662059	0.102	-6.165888302
1990.833333	-6.308801944	-0.065	-6.16368553
1990.916667	-6.306599147	-0.047	-6.161482759
1991	-6.30439635	-0.206	-6.159279989
1991.083333	-6.302193554	-0.128	-6.157077218
1991.166667	-6.299990758	-0.08	-6.154874448
1991.25	-6.297787962	-0.144	-6.152671678
1991.333333	-6.295585167	-0.165	-4.076275003
1991.416667	-6.293382371	-0.141	-4.074072455
1991.5	-6.291179576	-0.119	-4.071869907
1991.583333	-6.288976781	-0.121	-4.069667359
1991.666667	-6.286773987	-0.049	-4.067464811
1991.75	-6.284571192	-0.274	-4.065262263
1991.833333	-2.424102746	-0.273	-4.063059716
1991.916667	-2.421900368	-0.226	-4.060857169
1992	-2.41969799	-0.203	-4.058654622
1992.083333	-2.417495612	-0.107	-4.056452075
1992.166667	-2.415293234	-0.105	-4.054249529
1992.25	-2.413090856	-0.197	-4.052046982
1992.333333	-2.410888479	-0.235	-2.667578264
1992.416667	-2.408686102	-0.163	-2.665375865
1992.5	-2.406483726	-0.232	-2.663173467
1992.583333	-2.404281349	-0.393	-2.660971069
1992.666667	-2.402078973	-0.382	-2.658768671
1992.75	-2.399876597	-0.313	-2.656566274
1992.833333	-2.101348965	-0.347	-2.654363876
1992.916667	-2.099146621	-0.298	-2.652161479
1993	-2.096944278	-0.253	-2.649959083
1993.083333	-2.094741935	-0.2	-2.647756686
1993.166667	-2.092539592	-0.257	-2.64555429
1993.25	-2.090337249	-0.187	-2.643351894
1993.333333	-2.088134907	-0.177	-5.699276893
1993.416667	-2.085932564	-0.195	-5.697074172
1993.5	-2.083730222	-0.29	-5.69487145
1993.583333	-2.081527881	-0.242	-5.692668729
1993.666667	-2.079325539	-0.178	-5.690466009
1993.75	-2.077123198	-0.257	-5.688263288
1993.833333	-3.970264197	-0.332	-5.686060568
1993.916667	-3.968061652	-0.307	-5.683857848
1994	-3.965859108	-0.31	-5.681655128
1994.083333	-3.963656563	-0.323	-5.679452408
1994.166667	-3.961454019	-0.293	-5.677249689
1994.25	-3.959251475	-0.214	-5.67504697
1994.333333	-3.957048931	-0.221	-7.222687637
1994.416667	-3.954846388	-0.236	-7.220484754
1994.5	-3.952643844	-0.245	-7.21828187
1994.583333	-3.950441301	-0.25	-7.216078987
1994.666667	-3.948238759	-0.166	-7.213876104
1994.75	-3.946036216	-0.074	-7.211673221
1994.833333	-2.584950964	-0.034	-7.209470338
1994.916667	-2.582748568	-0.105	-7.207267456
1995	-2.580546172	-0.077	-7.205064574
1995.083333	-2.578343777	-0.054	-7.202861692
1995.166667	-2.576141382	0.002	-7.20065881
1995.25	-2.573938987	0.061	-7.198455929
1995.333333	-2.571736593	0.257	-5.670984376
1995.416667	-2.569534199	0.349	-5.668781658
1995.5	-2.567331804	0.299	-5.66657894
1995.583333	-2.565129411	0.168	-5.664376222
1995.666667	-2.562927017	0.039	-5.662173504
1995.75	-2.560724624	0.087	-5.659970786
1995.833333	-0.878870279	0.112	-5.657768069
1995.916667	-0.876668067	0.027	-5.655565352
1996	-0.874465856	-0.025	-5.653362635
1996.083333	-0.872263644	-0.047	-5.651159919
1996.166667	-0.870061433	-0.073	-5.648957202
1996.25	-0.867859222	-0.006	-5.646754486
1996.333333	-0.865657011	-0.08	-5.849763227
1996.416667	-0.8634548	-0.139	-5.847560489
1996.5	-0.86125259	-0.12	-5.845357752
1996.583333	-0.85905038	-0.024	-5.843155015
1996.666667	-0.85684817	-0.017	-5.840952278
1996.75	-0.854645961	-0.16	-5.838749542
1996.833333	-2.412414562	-0.189	-5.836546805
1996.916667	-2.410212185	-0.17	-5.834344069
1997	-2.408009808	-0.107	-5.832141333
1997.083333	-2.405807431	-0.051	-5.829938598
1997.166667	-2.403605054	-0.01	-5.827735862
1997.25	-2.401402678	-0.008	-5.825533127
1997.333333	-2.399200302	0.024	-7.845835777
1997.416667	-2.396997927	-0.007	-7.843632827
1997.5	-2.394795551	0.045	-7.841429877
1997.583333	-2.392593176	0	-7.839226927
1997.666667	-2.390390801	0.094	-7.837023978
1997.75	-2.388188426	0.135	-7.834821028
1997.833333	-2.900397853	0.036	-7.832618079
1997.916667	-2.898195423	0.116	-7.830415131
1998	-2.895992994	0.114	-7.828212182
1998.083333	-2.893790564	0.276	-7.826009234
1998.166667	-2.891588135	0.306	-7.823806286
1998.25	-2.889385707	0.276	-7.821603338
1998.333333	-2.887183278	0.368	-6.591817408
1998.416667	-2.88498085	0.474	-6.589614591
1998.5	-2.882778422	0.472	-6.587411775
1998.583333	-2.880575994	0.497	-6.585208959
1998.666667	-2.878373566	0.397	-6.583006143
1998.75	-2.876171139	0.366	-6.580803327
1998.833333	-0.663532674	0.301	-6.578600512
1998.916667	-0.661330485	0.263	-6.576397697
1999	-0.659128296	0.035	-6.574194882
1999.083333	-0.656926108	0.042	-6.571992067
1999.166667	-0.65472392	0.053	-6.569789253
1999.25	-0.652521732	0.036	-6.567586438
1999.333333	-0.650319544	0.146	-4.960643527
1999.416667	-0.648117357	0.164	-4.958440885
1999.5	-0.64591517	0.182	-4.956238242
1999.583333	-0.643712983	0.291	-4.9540356
1999.666667	-0.641510796	0.169	-4.951832958
1999.75	-0.63930861	0.001	-4.949630316
1999.833333	-0.83015829	-0.065	-4.947427674
1999.916667	-0.827956083	-0.001	-4.945225033
2000	-0.825753877	-0.1	-4.943022392
2000.083333	-0.823551671	-0.054	-4.940819751
2000.166667	-0.821349464	0.088	-4.93861711
2000.25	-0.819147259	0.026	-4.93641447
2000.333333	-0.816945053	0.089	-6.964400299
2000.416667	-0.814742848	-0.034	-6.962197442
2000.5	-0.812540643	0.056	-6.959994586
2000.583333	-0.810338438	0.087	-6.95779173
2000.666667	-0.808136233	0.086	-6.955588875
2000.75	-0.805934029	-0.056	-6.95338602
2000.833333	-4.254704196	-0.069	-6.951183165
2000.916667	-4.252501621	-0.143	-6.94898031
2001	-4.250299045	-0.143	-6.946777455
2001.083333	-4.24809647	-0.043	-6.944574601
2001.166667	-4.245893895	-0.002	-6.942371747
2001.25	-4.243691321	-0.028	-6.940168893
2001.333333	-4.241488746	-0.025	-8.519403792
2001.416667	-4.239286172	0.182	-8.51720077
2001.5	-4.237083598	0.119	-8.514997749
2001.583333	-4.234881025	0.161	-8.512794727
2001.666667	-4.232678451	0.27	-8.510591706
2001.75	-4.230475878	0.235	-8.508388685
2001.833333	-3.791288064	0.14	-8.506185664
2001.916667	-3.789085538	0.197	-8.503982644
2002	-3.786883013	0.165	-8.501779624
2002.083333	-3.784680488	0.149	-8.499576604
2002.166667	-3.782477963	0.128	-8.497373584
2002.25	-3.780275438	0.011	-8.495170564
2002.333333	-3.778072914	-0.065	-4.82897944
2002.416667	-3.775870389	-0.133	-4.826776811
2002.5	-3.773667865	-0.082	-4.824574182
2002.583333	-3.771465342	0.09	-4.822371554
2002.666667	-3.769262818	0.063	-4.820168926
2002.75	-3.767060295	0.095	-4.817966298
2002.833333	-0.388702331	0.003	-4.815763671
2002.916667	-0.386500172	-0.012	-4.813561043
2003	-0.384298013	0.034	-4.811358416
2003.083333	-0.382095854	-0.029	-4.809155789
2003.166667	-0.379893696	0.096	-4.806953163
2003.25	-0.377691538	0.063	-4.804750536
2003.333333	-0.37548938	0.135	-2.753331379
2003.416667	-0.373287222	0.189	-2.751128972
2003.5	-0.371085064	0.26	-2.748926564
2003.583333	-0.368882907	0.399	-2.746724157
2003.666667	-0.36668075	0.435	-2.74452175
2003.75	-0.364478593	0.41	-2.742319343
2003.833333	-1.520662956	0.207	-2.740116937
2003.916667	-1.518460675	0.208	-2.737914531
2004	-1.516258394	0.194	-2.735712125
2004.083333	-1.514056114	0.193	-2.733509719
2004.166667	-1.511853833	0.141	-2.731307314
2004.25	-1.509651553	0.092	-2.729104908
2004.333333	-1.507449273	-0.011	-6.187202828
2004.416667	-1.505246994	0.161	-6.185000055
2004.5	-1.503044714	0.211	-6.182797282
2004.583333	-1.500842435	0.3	-6.180594509
2004.666667	-1.498640156	0.224	-6.178391736
2004.75	-1.496437877	0.226	-6.176188963
2004.833333	-6.490669992	0.204	-6.173986191
2004.916667	-6.488467175	0.171	-6.171783419
2005	-6.486264359	0.094	-6.169580647
2005.083333	-6.484061543	0.109	-6.167377876
2005.166667	-6.481858728	0.268	-6.165175104
2005.25	-6.479655912	0.275	-6.162972333
2005.333333	-6.477453097	0.276	-8.360225385
2005.416667	-6.475250282	0.31	-8.35802238
2005.5	-6.473047467	0.43	-8.355819375
2005.583333	-6.470844653	0.423	-8.353616371
2005.666667	-6.468641839	0.402	-8.351413367
2005.75	-6.466439025	0.221	-8.349210363
2005.833333	-5.788156438	0.123	-8.347007359
2005.916667	-5.785953697	0.199	-8.344804355
2006	-5.783750957	0.107	-8.342601352
2006.083333	-5.781548216	0.058	-8.340398349
2006.166667	-5.779345476	0.043	-8.338195346
2006.25	-5.777142737	0.181	-8.335992343
2006.333333	-5.774939997	0.291	-3.7335375
2006.416667	-5.772737258	0.316	-3.731334988
2006.5	-5.770534519	0.358	-3.729132476
2006.583333	-5.76833178	0.384	-3.726929965
2006.666667	-5.766129041	0.347	-3.724727453
2006.75	-5.763926303	0.317	-3.722524942
2006.833333	-1.429554307	0.272	-3.720322431
2006.916667	-1.427352036	0.154	-3.718119921
2007	-1.425149764	0.154	-3.71591741
2007.083333	-1.422947494	0.2	-3.7137149
2007.166667	-1.420745223	0.11	-3.71151239
2007.25	-1.418542953	0.142	-3.709309881
2007.333333	-1.416340683	0.095	-1.206921401
2007.416667	-1.414138413	0.071	-1.204719158
2007.5	-1.411936143	0.112	-1.202516915
2007.583333	-1.409733874	0.038	-1.200314673
2007.666667	-1.407531605	0.081	-1.198112431
2007.75	-1.405329336	0.141	-1.195910189
2007.833333	-2.245080932	0.159	-1.193707947
2007.916667	-2.242878573	0.094	-1.191505706
2008	-2.240676214	0.013	-1.189303465
2008.083333	-2.238473855	0.111	-1.187101224
2008.166667	-2.236271497	0.142	-1.184898983
2008.25	-2.234069139	0.026	-1.182696743
2008.333333	-2.231866781	0.155	-4.865563773
2008.416667	-2.229664423	0.239	-4.86336114
2008.5	-2.227462066	0.189	-4.861158508
2008.583333	-2.225259708	0.158	-4.858955876
2008.666667	-2.223057351	0.181	-4.856753244
2008.75	-2.220854995	0.085	-4.854550612
2008.833333	-6.703990678	-0.016	-4.852347981
2008.916667	-6.701787839	0.001	-4.850145349
2009	-6.699585	-0.076	-4.847942718
2009.083333	-6.697382161	-0.181	-4.845740088
2009.166667	-6.695179322	-0.177	-4.843537457
2009.25	-6.692976484	-0.148	-4.841334827
2009.333333	-6.690773645	-0.079	-7.466391638
2009.416667	-6.688570807	0.104	-7.464188729
2009.5	-6.68636797	0.211	-7.461985819
2009.583333	-6.684165132	0.135	-7.45978291
2009.666667	-6.681962295	0.04	-7.457580001
2009.75	-6.679759458	0.147	-7.455377092
2009.833333	-6.082694017	0.052	-7.453174183
2009.916667	-6.080491245	0.065	-7.450971275
2010	-6.078288472	0.022	-7.448768367
2010.083333	-6.0760857	0.16	-7.446565459
2010.166667	-6.073882929	0.27	-7.444362552
2010.25	-6.071680157	0.408	-7.442159644
2010.333333	-6.069477386	0.442	-3.721685857
2010.416667	-6.067274615	0.43	-3.719483346
2010.5	-6.065071844	0.433	-3.717280836
2010.583333	-6.062869074	0.508	-3.715078325
2010.666667	-6.060666303	0.432	-3.712875815
2010.75	-6.058463533	0.306	-3.710673305
2010.833333	-2.330365038	0.218	-3.708470796
2010.916667	-2.32816267	0.19	-3.706268286
2011	-2.325960302	0.126	-3.704065777
2011.083333	-2.323757934	0.09	-3.701863268
2011.166667	-2.321555566	0.038	-3.69966076
2011.25	-2.319353199	0.074	-3.697458251
2011.333333	-2.317150832	0.134	-2.225821217
2011.416667	-2.314948465	0.161	-2.223618866
2011.5	-2.312746098	0.074	-2.221416515
2011.583333	-2.310543732	0.129	-2.219214164
2011.666667	-2.308341365	0.127	-2.217011813
2011.75	-2.306138999	0.045	-2.214809463
2011.833333	-3.462820676	-0.088	-2.212607112
2011.916667	-3.460618185	-0.062	-2.210404762
2012	-3.458415695	-0.083	-2.208202413
2012.083333	-3.456213205	-0.014	-2.206000063
2012.166667	-3.454010716	0.008	-2.203797714
2012.25	-3.451808227	0.062	-2.201595365
2012.333333	-3.449605737	0.146	-5.216111593
2012.416667	-3.447403249	0.282	-5.213908923
2012.5	-3.44520076	0.357	-5.211706253
2012.583333	-3.442998272	0.413	-5.209503584
2012.666667	-3.440795783	0.43	-5.207300914
2012.75	-3.438593296	0.312	-5.205098245
2012.833333	-6.08442986	0.147	-5.202895576
2012.916667	-6.082227087	0.123	-5.200692908
2013	-6.080024315	0.11	-5.198490239
2013.083333	-6.077821542	0.097	-5.196287571
2013.166667	-6.075618771	0.14	-5.194084903
2013.25	-6.073415999	0.118	-5.191882236
2013.333333	-6.071213227	0.083	-6.135770915
2013.416667	-6.069010456	0.028	-6.133568147
2013.5	-6.066807685	0.172	-6.131365379
2013.583333	-6.064604914	0.176	-6.129162611
2013.666667	-6.062402144	0.237	-6.126959844
2013.75	-6.060199374	0.329	-6.124757077
2013.833333	-4.63204812	0.11	-6.12255431
2013.916667	-4.629845503	0.018	-6.120351544
2014	-4.627642887	-0.08	-6.118148777
2014.083333	-4.625440272	-0.061	-6.115946011
2014.166667	-4.623237656	-0.099	-6.113743245
2014.25	-4.621035041	-0.112	-6.11154048
2014.333333	-4.618832426	-0.02	-2.991871671
2014.416667	-4.616629811	0.044	-2.989669238
2014.5	-4.614427197	0.203	-2.987466805
2014.583333	-4.612224582	0.316	-2.985264372
2014.666667	-4.610021968	0.292	-2.98306194
2014.75	-4.607819354	0.274	-2.980859508
2014.833333	-2.724183362	0.046	-2.978657076
2014.916667	-2.721980951	0.04	-2.976454645
2015	-2.71977854	-0.027	-2.974252213
2015.083333	-2.71757613	-0.022	-2.972049782
2015.166667	-2.71537372	-0.147	-2.969847351
2015.25	-2.71317131	-0.09	-2.96764492
2015.333333	-2.710968901	0.026	-3.214966674
2015.416667	-2.708766492	0.01	-3.212764218
2015.5	-2.706564082	0.113	-3.210561761
2015.583333	-2.704361674	0.16	-3.208359305
2015.666667	-2.702159265	0.282	-3.206156849
2015.75	-2.699956857	0.306	-3.203954393
2015.833333	-5.806578527	0.168	-3.201751937
2015.916667	-5.804375785	0.211	-3.199549482
2016	-5.802173042	0.212	-3.197347027
2016.083333	-5.7999703	0.137	-3.195144572
2016.166667	-5.797767558	0.169	-3.192942117
2016.25	-5.795564816	0.158	-3.190739663
2016.333333	-5.793362075	0.325	-5.569355616
2016.416667	-5.791159333	0.39	-5.567152908
2016.5	-5.788956592	0.413	-5.564950201
2016.583333	-5.786753852	0.438	-5.562747493
2016.666667	-5.784551111	0.439	-5.560544787
2016.75	-5.782348371	0.361	-5.55834208
2016.833333	-6.879340982	0.372	-5.556139373
2016.916667	-6.877138124	0.316	-5.553936667
2017	-6.874935266	0.206	-5.551733961
2017.083333	-6.872732408	0.208	-5.549531255
2017.166667	-6.870529551	0.148	-5.54732855
2017.25	-6.868326693	0.264	-5.545125845
2017.333333	-6.866123836	0.295	-3.808963777
2017.416667	-6.863920979	0.289	-3.806761257
2017.5	-6.861718123	0.283	-3.804558737
2017.583333	-6.859515266	0.291	-3.802356217
2017.666667	-6.85731241	0.331	-3.800153698
2017.75	-6.855109554	0.414	-3.797951179
2017.833333	-4.354332183	0.333	-3.79574866
2017.916667	-4.352129596	0.345	-3.793546141
2018	-4.34992701	0.154	-3.791343623
2018.083333	-4.347724424	0.043	-3.789141105
2018.166667	-4.345521839	0.113	-3.786938587
2018.25	-4.343319254	0.045	-3.784736069
2018.333333	-4.341116668	-0.02	-0.587023448
2018.416667	-4.338914084	-0.03	-0.584821271
2018.5	-4.336711499	-0.002	-0.582619095
2018.583333	-4.334508915	0.093	-0.580416918
2018.666667	-4.33230633	0.143	-0.578214742
2018.75	-4.330103746	0.124	-0.576012566
2018.833333	-4.378422023	-0.14	-0.573810391
2018.916667	-4.376219434	-0.079	-0.571608215
2019	-4.374016845	-0.034	-0.56940604
2019.083333	-4.371814257	0.061	-0.567203865
2019.166667	-4.369611668	0.102	-0.565001691
2019.25	-4.36740908	0.104	-0.562799516
2019.333333	-4.365206493	0.069	-2.495509331
2019.416667	-4.363003905	0.154	-2.493306951
2019.5	-4.360801318	0.333	-2.491104571
2019.583333	-4.358598731	0.319	-2.488902191
2019.666667	-4.356396144	0.226	-2.486699812
2019.75	-4.354193558	0.139	-2.484497432
2019.833333	-9.647541396	0.091	-2.482295054
2019.916667	-9.645338239	0.145	-2.480092675
2020	-9.643135083	0.077	-2.477890296
2020.083333	-9.640931927	0.337	-2.475687918
2020.166667	-9.638728772	0.349	-2.47348554
2020.25	-9.636525616	0.35	-2.471283162
2020.333333	-9.634322461	0.247	-4.364101762
2020.416667	-9.632119306	0.253	-4.361899182
2020.5	-9.629916151	0.344	-4.359696603
2020.583333	-9.627712997	0.429	-4.357494025
2020.666667	-9.625509843	0.3	-4.355291446
2020.75	-9.623306689	0.292	-4.353088868
2020.833333	-9.770833739	0.116	-4.35088629
2020.916667	-9.768630569	0.166	-4.348683712
2021	-9.7664274	0.13	-4.346481134
2021.083333	-9.764224231	0.142	-4.344278557
2021.166667	-9.762021062	0.116	-4.34207598
2021.25	-9.759817893	0.058	-4.339873403
2021.333333	-9.757614725	0.075	0.136321694
2021.416667	-9.755411556	0.142	0.138522654
2021.5	-9.753208388	0.213	0.140723615
2021.583333	-9.751005221	0.248	0.142924574
2021.666667	-9.748802053	0.406	0.145125534
2021.75	-9.746598886	0.479	0.147326494
2021.833333	-6.142167457	0.449	0.149527453
2021.916667	-6.139964678	0.256	0.151728412
2022	-6.137761899	0.18	0.15392937
2022.083333	-6.135559121	0.137	0.156130329
2022.166667	-6.133356343	0.012	0.158331287
2022.25	-6.131153565	0.114	0.160532245
2022.333333	-6.128950787	0.2	3.820721734
2022.416667	-6.12674801	0.202	3.822922302
2022.5	-6.124545233	0.14	3.825122869
2022.583333	-6.122342456	0.362	3.827323437
